AOI,FvFm,Temp,Time,Measurement,Cell,Species,Collection
1,0,48,120,16hour_post,A1,Poplar,24
1,0.788,40,30,16hour_post,A1,Poplar,24
1,0.468,48,30,16hour_post,A1,Poplar,24
1,0.79,40,5,16hour_post,A1,Poplar,24
1,0.771,40,120,16hour_post,A1,Poplar,24
1,0.788,30,30,16hour_post,A1,Poplar,24
1,0.716,48,5,16hour_post,A1,Poplar,24
1,0.779,30,120,16hour_post,A1,Poplar,24
1,0.802,30,5,16hour_post,A1,Poplar,24
10,0.789,30,30,16hour_post,B3,Poplar,3
10,0.78,40,30,16hour_post,B3,Poplar,3
10,0.08,48,30,16hour_post,B3,Poplar,3
10,0.734,40,120,16hour_post,B3,Poplar,3
10,0.772,30,120,16hour_post,B3,Poplar,3
10,0.805,40,5,16hour_post,B3,Poplar,3
10,0,48,120,16hour_post,B3,Poplar,3
10,0.816,30,5,16hour_post,B3,Poplar,3
10,0.57,48,5,16hour_post,B3,Poplar,3
11,0.736,40,5,16hour_post,B4,Euc,12
11,0.769,30,30,16hour_post,B4,Euc,12
11,0,48,120,16hour_post,B4,Euc,12
11,0.651,40,30,16hour_post,B4,Euc,12
11,0,48,30,16hour_post,B4,Euc,12
11,0.533,40,120,16hour_post,B4,Euc,12
11,0.797,30,5,16hour_post,B4,Euc,12
11,0.713,30,120,16hour_post,B4,Euc,12
11,0.518,48,5,16hour_post,B4,Euc,12
12,0,48,120,16hour_post,B5,Lomandra,0
12,0.317,48,30,16hour_post,B5,Lomandra,0
12,0.754,40,5,16hour_post,B5,Lomandra,0
12,0.719,30,30,16hour_post,B5,Lomandra,0
12,0.706,48,5,16hour_post,B5,Lomandra,0
12,0.779,30,5,16hour_post,B5,Lomandra,0
12,0.761,40,30,16hour_post,B5,Lomandra,0
12,0.679,30,120,16hour_post,B5,Lomandra,0
12,0.614,40,120,16hour_post,B5,Lomandra,0
13,0.767,40,5,16hour_post,B6,Lomandra,3
13,0.374,48,120,16hour_post,B6,Lomandra,3
13,0.727,48,5,16hour_post,B6,Lomandra,3
13,0.586,48,30,16hour_post,B6,Lomandra,3
13,0.709,30,30,16hour_post,B6,Lomandra,3
13,0.71,40,120,16hour_post,B6,Lomandra,3
13,0.768,30,5,16hour_post,B6,Lomandra,3
13,0.724,40,30,16hour_post,B6,Lomandra,3
13,0.724,30,120,16hour_post,B6,Lomandra,3
14,0.633,48,30,16hour_post,B7,Lomandra,0
14,0.78,30,30,16hour_post,B7,Lomandra,0
14,0.785,40,5,16hour_post,B7,Lomandra,0
14,0.406,48,120,16hour_post,B7,Lomandra,0
14,0.761,48,5,16hour_post,B7,Lomandra,0
14,0.697,30,120,16hour_post,B7,Lomandra,0
14,0.758,30,5,16hour_post,B7,Lomandra,0
14,0.786,40,30,16hour_post,B7,Lomandra,0
14,0.678,40,120,16hour_post,B7,Lomandra,0
15,0.22,48,120,16hour_post,C1,Poplar,24
15,0.792,30,120,16hour_post,C1,Poplar,24
15,0.669,48,5,16hour_post,C1,Poplar,24
15,0.42,48,30,16hour_post,C1,Poplar,24
15,0.788,40,5,16hour_post,C1,Poplar,24
15,0.797,30,30,16hour_post,C1,Poplar,24
15,0.818,30,5,16hour_post,C1,Poplar,24
15,0.795,40,30,16hour_post,C1,Poplar,24
15,0.684,40,120,16hour_post,C1,Poplar,24
16,0.756,30,30,16hour_post,C2,Euc,3
16,0.756,30,120,16hour_post,C2,Euc,3
16,0.796,30,5,16hour_post,C2,Euc,3
16,0,48,30,16hour_post,C2,Euc,3
16,0,48,120,16hour_post,C2,Euc,3
16,0.528,48,5,16hour_post,C2,Euc,3
16,0.77,40,5,16hour_post,C2,Euc,3
16,0.537,40,120,16hour_post,C2,Euc,3
16,0.72,40,30,16hour_post,C2,Euc,3
17,0,48,120,16hour_post,C3,Lomandra,12
17,0.682,30,30,16hour_post,C3,Lomandra,12
17,0.627,30,120,16hour_post,C3,Lomandra,12
17,0.659,40,120,16hour_post,C3,Lomandra,12
17,0.345,48,30,16hour_post,C3,Lomandra,12
17,0.71,40,5,16hour_post,C3,Lomandra,12
17,0.745,30,5,16hour_post,C3,Lomandra,12
17,0.688,48,5,16hour_post,C3,Lomandra,12
17,0.666,40,30,16hour_post,C3,Lomandra,12
18,0.739,30,30,16hour_post,C4,Euc,0
18,0,48,120,16hour_post,C4,Euc,0
18,0.757,40,5,16hour_post,C4,Euc,0
18,0.493,48,5,16hour_post,C4,Euc,0
18,0.585,40,120,16hour_post,C4,Euc,0
18,0.087,48,30,16hour_post,C4,Euc,0
18,0.645,30,120,16hour_post,C4,Euc,0
18,0.684,40,30,16hour_post,C4,Euc,0
18,0.783,30,5,16hour_post,C4,Euc,0
19,0.784,30,30,16hour_post,C5,Poplar,0
19,0.712,40,120,16hour_post,C5,Poplar,0
19,0,48,120,16hour_post,C5,Poplar,0
19,0.792,40,5,16hour_post,C5,Poplar,0
19,0.805,30,5,16hour_post,C5,Poplar,0
19,0.607,48,5,16hour_post,C5,Poplar,0
19,0.105,48,30,16hour_post,C5,Poplar,0
19,0.677,30,120,16hour_post,C5,Poplar,0
19,0.765,40,30,16hour_post,C5,Poplar,0
2,0.751,40,5,16hour_post,A2,Lomandra,24
2,0.727,40,30,16hour_post,A2,Lomandra,24
2,0.754,30,30,16hour_post,A2,Lomandra,24
2,0.789,30,5,16hour_post,A2,Lomandra,24
2,0.418,48,30,16hour_post,A2,Lomandra,24
2,0.669,40,120,16hour_post,A2,Lomandra,24
2,0.624,48,120,16hour_post,A2,Lomandra,24
2,0.718,48,5,16hour_post,A2,Lomandra,24
2,0.692,30,120,16hour_post,A2,Lomandra,24
20,0,40,120,16hour_post,C6,Euc,24
20,0,48,120,16hour_post,C6,Euc,24
20,0.483,48,5,16hour_post,C6,Euc,24
20,0.733,40,30,16hour_post,C6,Euc,24
20,0.08,48,30,16hour_post,C6,Euc,24
20,0.767,30,30,16hour_post,C6,Euc,24
20,0.603,30,120,16hour_post,C6,Euc,24
20,0.772,40,5,16hour_post,C6,Euc,24
20,0.762,30,5,16hour_post,C6,Euc,24
21,0.615,48,5,16hour_post,C7,Poplar,0
21,0.776,30,30,16hour_post,C7,Poplar,0
21,0.302,48,30,16hour_post,C7,Poplar,0
21,0.719,40,120,16hour_post,C7,Poplar,0
21,0.79,40,5,16hour_post,C7,Poplar,0
21,0.815,30,5,16hour_post,C7,Poplar,0
21,0.782,40,30,16hour_post,C7,Poplar,0
21,0.051,48,120,16hour_post,C7,Poplar,0
21,0.724,30,120,16hour_post,C7,Poplar,0
22,0,48,120,16hour_post,D1,Euc,0
22,0.562,48,5,16hour_post,D1,Euc,0
22,0.527,40,120,16hour_post,D1,Euc,0
22,0.703,30,30,16hour_post,D1,Euc,0
22,0.773,40,5,16hour_post,D1,Euc,0
22,0.788,30,5,16hour_post,D1,Euc,0
22,0.757,40,30,16hour_post,D1,Euc,0
22,0.146,48,30,16hour_post,D1,Euc,0
22,0.771,30,120,16hour_post,D1,Euc,0
23,0.706,30,120,16hour_post,D2,Lomandra,12
23,0.541,48,30,16hour_post,D2,Lomandra,12
23,0.418,48,120,16hour_post,D2,Lomandra,12
23,0.697,48,5,16hour_post,D2,Lomandra,12
23,0.761,30,5,16hour_post,D2,Lomandra,12
23,0.704,40,5,16hour_post,D2,Lomandra,12
23,0.566,40,120,16hour_post,D2,Lomandra,12
23,0.718,30,30,16hour_post,D2,Lomandra,12
23,0.678,40,30,16hour_post,D2,Lomandra,12
24,0.739,30,120,16hour_post,D3,Poplar,24
24,0.804,30,5,16hour_post,D3,Poplar,24
24,0.612,48,5,16hour_post,D3,Poplar,24
24,0,48,120,16hour_post,D3,Poplar,24
24,0.766,30,30,16hour_post,D3,Poplar,24
24,0.778,40,5,16hour_post,D3,Poplar,24
24,0.585,40,120,16hour_post,D3,Poplar,24
24,0.748,40,30,16hour_post,D3,Poplar,24
24,0.247,48,30,16hour_post,D3,Poplar,24
25,0.673,48,5,16hour_post,D4,Lomandra,12
25,0,48,120,16hour_post,D4,Lomandra,12
25,0.602,30,120,16hour_post,D4,Lomandra,12
25,0.715,40,5,16hour_post,D4,Lomandra,12
25,0.579,40,120,16hour_post,D4,Lomandra,12
25,0.667,30,30,16hour_post,D4,Lomandra,12
25,0.744,30,5,16hour_post,D4,Lomandra,12
25,0.553,48,30,16hour_post,D4,Lomandra,12
25,0.652,40,30,16hour_post,D4,Lomandra,12
26,0.781,40,5,16hour_post,D5,Euc,12
26,0,48,120,16hour_post,D5,Euc,12
26,0.674,30,120,16hour_post,D5,Euc,12
26,0.787,30,5,16hour_post,D5,Euc,12
26,0.52,48,5,16hour_post,D5,Euc,12
26,0.491,40,120,16hour_post,D5,Euc,12
26,0.678,30,30,16hour_post,D5,Euc,12
26,0.756,40,30,16hour_post,D5,Euc,12
26,0,48,30,16hour_post,D5,Euc,12
27,0.704,30,120,16hour_post,D6,Poplar,0
27,0.784,30,30,16hour_post,D6,Poplar,0
27,0.811,30,5,16hour_post,D6,Poplar,0
27,0,48,120,16hour_post,D6,Poplar,0
27,0.795,40,5,16hour_post,D6,Poplar,0
27,0.656,40,120,16hour_post,D6,Poplar,0
27,0.748,40,30,16hour_post,D6,Poplar,0
27,0.271,48,30,16hour_post,D6,Poplar,0
27,0.607,48,5,16hour_post,D6,Poplar,0
28,0.757,40,30,16hour_post,D7,Lomandra,24
28,0.605,40,120,16hour_post,D7,Lomandra,24
28,0.79,40,5,16hour_post,D7,Lomandra,24
28,0,48,120,16hour_post,D7,Lomandra,24
28,0.68,30,120,16hour_post,D7,Lomandra,24
28,0.781,30,5,16hour_post,D7,Lomandra,24
28,0.751,48,5,16hour_post,D7,Lomandra,24
28,0.495,48,30,16hour_post,D7,Lomandra,24
28,0.785,30,30,16hour_post,D7,Lomandra,24
29,0,48,120,16hour_post,E1,Euc,3
29,0.785,30,120,16hour_post,E1,Euc,3
29,0.789,30,5,16hour_post,E1,Euc,3
29,0.122,48,30,16hour_post,E1,Euc,3
29,0.538,48,5,16hour_post,E1,Euc,3
29,0.775,40,30,16hour_post,E1,Euc,3
29,0.617,40,120,16hour_post,E1,Euc,3
29,0.775,40,5,16hour_post,E1,Euc,3
29,0.773,30,30,16hour_post,E1,Euc,3
3,0.772,40,5,16hour_post,A3,Euc,12
3,0,48,30,16hour_post,A3,Euc,12
3,0,48,120,16hour_post,A3,Euc,12
3,0.388,48,5,16hour_post,A3,Euc,12
3,0.77,30,120,16hour_post,A3,Euc,12
3,0.69,30,5,16hour_post,A3,Euc,12
3,0.616,40,120,16hour_post,A3,Euc,12
3,0.789,30,30,16hour_post,A3,Euc,12
3,0.736,40,30,16hour_post,A3,Euc,12
30,0.737,30,30,16hour_post,E2,Lomandra,12
30,0.342,48,120,16hour_post,E2,Lomandra,12
30,0.662,30,120,16hour_post,E2,Lomandra,12
30,0.763,30,5,16hour_post,E2,Lomandra,12
30,0.712,40,5,16hour_post,E2,Lomandra,12
30,0.548,40,120,16hour_post,E2,Lomandra,12
30,0.42,48,30,16hour_post,E2,Lomandra,12
30,0.685,48,5,16hour_post,E2,Lomandra,12
30,0.675,40,30,16hour_post,E2,Lomandra,12
31,0.533,48,120,16hour_post,E3,Lomandra,3
31,0.553,40,120,16hour_post,E3,Lomandra,3
31,0.708,40,30,16hour_post,E3,Lomandra,3
31,0.724,30,120,16hour_post,E3,Lomandra,3
31,0.718,40,5,16hour_post,E3,Lomandra,3
31,0.61,48,30,16hour_post,E3,Lomandra,3
31,0.706,48,5,16hour_post,E3,Lomandra,3
31,0.75,30,5,16hour_post,E3,Lomandra,3
31,0.72,30,30,16hour_post,E3,Lomandra,3
32,0.669,30,120,16hour_post,E4,Lomandra,3
32,0.736,40,5,16hour_post,E4,Lomandra,3
32,0.698,48,5,16hour_post,E4,Lomandra,3
32,0.684,40,30,16hour_post,E4,Lomandra,3
32,0.771,30,5,16hour_post,E4,Lomandra,3
32,0.569,48,30,16hour_post,E4,Lomandra,3
32,0,48,120,16hour_post,E4,Lomandra,3
32,0.701,30,30,16hour_post,E4,Lomandra,3
32,0.63,40,120,16hour_post,E4,Lomandra,3
33,0,48,120,16hour_post,E5,Lomandra,24
33,0.679,48,5,16hour_post,E5,Lomandra,24
33,0.739,40,5,16hour_post,E5,Lomandra,24
33,0.777,30,5,16hour_post,E5,Lomandra,24
33,0.704,30,30,16hour_post,E5,Lomandra,24
33,0.711,30,120,16hour_post,E5,Lomandra,24
33,0.418,48,30,16hour_post,E5,Lomandra,24
33,0.664,40,120,16hour_post,E5,Lomandra,24
33,0.74,40,30,16hour_post,E5,Lomandra,24
34,0.761,30,5,16hour_post,E6,Euc,0
34,0.614,30,120,16hour_post,E6,Euc,0
34,0.569,48,5,16hour_post,E6,Euc,0
34,0,48,120,16hour_post,E6,Euc,0
34,0.541,40,120,16hour_post,E6,Euc,0
34,0.764,30,30,16hour_post,E6,Euc,0
34,0.772,40,5,16hour_post,E6,Euc,0
34,0.185,48,30,16hour_post,E6,Euc,0
34,0.741,40,30,16hour_post,E6,Euc,0
35,0.126,48,120,16hour_post,E7,Poplar,3
35,0.814,30,30,16hour_post,E7,Poplar,3
35,0.816,40,5,16hour_post,E7,Poplar,3
35,0.787,30,120,16hour_post,E7,Poplar,3
35,0.4,48,30,16hour_post,E7,Poplar,3
35,0.822,30,5,16hour_post,E7,Poplar,3
35,0.609,48,5,16hour_post,E7,Poplar,3
35,0.725,40,120,16hour_post,E7,Poplar,3
35,0.806,40,30,16hour_post,E7,Poplar,3
36,0.73,30,120,16hour_post,F1,Lomandra,0
36,0.743,40,5,16hour_post,F1,Lomandra,0
36,0.36,48,120,16hour_post,F1,Lomandra,0
36,0.746,30,30,16hour_post,F1,Lomandra,0
36,0.713,48,30,16hour_post,F1,Lomandra,0
36,0.637,40,120,16hour_post,F1,Lomandra,0
36,0.775,40,30,16hour_post,F1,Lomandra,0
36,0.771,30,5,16hour_post,F1,Lomandra,0
36,0.731,48,5,16hour_post,F1,Lomandra,0
37,0.794,30,120,16hour_post,F2,Poplar,12
37,0.106,48,120,16hour_post,F2,Poplar,12
37,0.789,40,5,16hour_post,F2,Poplar,12
37,0.361,48,30,16hour_post,F2,Poplar,12
37,0.796,30,30,16hour_post,F2,Poplar,12
37,0.619,48,5,16hour_post,F2,Poplar,12
37,0.8,30,5,16hour_post,F2,Poplar,12
37,0.672,40,120,16hour_post,F2,Poplar,12
37,0.78,40,30,16hour_post,F2,Poplar,12
38,0.367,48,120,16hour_post,F3,Lomandra,3
38,0.629,48,30,16hour_post,F3,Lomandra,3
38,0.69,30,120,16hour_post,F3,Lomandra,3
38,0.769,40,5,16hour_post,F3,Lomandra,3
38,0.767,30,30,16hour_post,F3,Lomandra,3
38,0.638,40,120,16hour_post,F3,Lomandra,3
38,0.751,40,30,16hour_post,F3,Lomandra,3
38,0.788,30,5,16hour_post,F3,Lomandra,3
38,0.712,48,5,16hour_post,F3,Lomandra,3
39,0.763,30,120,16hour_post,F4,Euc,12
39,0.683,30,30,16hour_post,F4,Euc,12
39,0.725,40,5,16hour_post,F4,Euc,12
39,0,48,120,16hour_post,F4,Euc,12
39,0.44,40,120,16hour_post,F4,Euc,12
39,0.35,48,5,16hour_post,F4,Euc,12
39,0.751,40,30,16hour_post,F4,Euc,12
39,0.098,48,30,16hour_post,F4,Euc,12
39,0.748,30,5,16hour_post,F4,Euc,12
4,0.774,30,120,16hour_post,A4,Poplar,12
4,0.784,40,5,16hour_post,A4,Poplar,12
4,0.784,30,30,16hour_post,A4,Poplar,12
4,0.769,40,30,16hour_post,A4,Poplar,12
4,0.814,30,5,16hour_post,A4,Poplar,12
4,0.735,40,120,16hour_post,A4,Poplar,12
4,0,48,120,16hour_post,A4,Poplar,12
4,0.614,48,5,16hour_post,A4,Poplar,12
4,0.168,48,30,16hour_post,A4,Poplar,12
40,0.803,40,5,16hour_post,F5,Poplar,3
40,0.155,48,30,16hour_post,F5,Poplar,3
40,0.802,30,30,16hour_post,F5,Poplar,3
40,0,48,120,16hour_post,F5,Poplar,3
40,0.585,48,5,16hour_post,F5,Poplar,3
40,0.824,30,5,16hour_post,F5,Poplar,3
40,0.786,30,120,16hour_post,F5,Poplar,3
40,0.798,40,30,16hour_post,F5,Poplar,3
40,0.717,40,120,16hour_post,F5,Poplar,3
41,0.796,40,5,16hour_post,F6,Poplar,0
41,0,48,120,16hour_post,F6,Poplar,0
41,0.82,30,5,16hour_post,F6,Poplar,0
41,0.615,48,5,16hour_post,F6,Poplar,0
41,0.759,30,120,16hour_post,F6,Poplar,0
41,0.338,48,30,16hour_post,F6,Poplar,0
41,0.79,30,30,16hour_post,F6,Poplar,0
41,0.797,40,30,16hour_post,F6,Poplar,0
41,0.562,40,120,16hour_post,F6,Poplar,0
42,0.219,48,30,16hour_post,F7,Euc,24
42,0.788,40,5,16hour_post,F7,Euc,24
42,0.798,30,30,16hour_post,F7,Euc,24
42,0,48,120,16hour_post,F7,Euc,24
42,0.611,48,5,16hour_post,F7,Euc,24
42,0.713,30,120,16hour_post,F7,Euc,24
42,0.771,40,30,16hour_post,F7,Euc,24
42,0.504,40,120,16hour_post,F7,Euc,24
42,0.816,30,5,16hour_post,F7,Euc,24
43,0.749,40,5,16hour_post,G1,Lomandra,0
43,0.742,48,5,16hour_post,G1,Lomandra,0
43,0.403,48,120,16hour_post,G1,Lomandra,0
43,0.603,48,30,16hour_post,G1,Lomandra,0
43,0.782,30,120,16hour_post,G1,Lomandra,0
43,0.687,40,120,16hour_post,G1,Lomandra,0
43,0.79,30,5,16hour_post,G1,Lomandra,0
43,0.782,30,30,16hour_post,G1,Lomandra,0
43,0.761,40,30,16hour_post,G1,Lomandra,0
44,0,48,120,16hour_post,G2,Euc,3
44,0.554,48,5,16hour_post,G2,Euc,3
44,0.189,48,30,16hour_post,G2,Euc,3
44,0.771,30,120,16hour_post,G2,Euc,3
44,0.787,30,30,16hour_post,G2,Euc,3
44,0.786,40,5,16hour_post,G2,Euc,3
44,0.757,40,30,16hour_post,G2,Euc,3
44,0.677,40,120,16hour_post,G2,Euc,3
44,0.794,30,5,16hour_post,G2,Euc,3
45,0,48,120,16hour_post,G3,Euc,0
45,0.441,48,5,16hour_post,G3,Euc,0
45,0.242,48,30,16hour_post,G3,Euc,0
45,0.78,40,5,16hour_post,G3,Euc,0
45,0.729,30,30,16hour_post,G3,Euc,0
45,0.738,40,30,16hour_post,G3,Euc,0
45,0.705,30,120,16hour_post,G3,Euc,0
45,0.567,40,120,16hour_post,G3,Euc,0
45,0.786,30,5,16hour_post,G3,Euc,0
46,0.165,48,120,16hour_post,G4,Poplar,24
46,0.369,48,30,16hour_post,G4,Poplar,24
46,0.794,40,5,16hour_post,G4,Poplar,24
46,0.642,48,5,16hour_post,G4,Poplar,24
46,0.764,30,120,16hour_post,G4,Poplar,24
46,0.794,30,30,16hour_post,G4,Poplar,24
46,0.591,40,120,16hour_post,G4,Poplar,24
46,0.811,30,5,16hour_post,G4,Poplar,24
46,0.792,40,30,16hour_post,G4,Poplar,24
47,0.734,30,120,16hour_post,G5,Poplar,12
47,0.795,30,30,16hour_post,G5,Poplar,12
47,0.678,40,120,16hour_post,G5,Poplar,12
47,0.403,48,30,16hour_post,G5,Poplar,12
47,0.794,40,5,16hour_post,G5,Poplar,12
47,0.813,30,5,16hour_post,G5,Poplar,12
47,0.186,48,120,16hour_post,G5,Poplar,12
47,0.633,48,5,16hour_post,G5,Poplar,12
47,0.782,40,30,16hour_post,G5,Poplar,12
48,0.333,48,120,16hour_post,G6,Lomandra,24
48,0.781,30,30,16hour_post,G6,Lomandra,24
48,0.613,48,30,16hour_post,G6,Lomandra,24
48,0.772,40,5,16hour_post,G6,Lomandra,24
48,0.719,30,120,16hour_post,G6,Lomandra,24
48,0.733,48,5,16hour_post,G6,Lomandra,24
48,0.568,40,120,16hour_post,G6,Lomandra,24
48,0.757,40,30,16hour_post,G6,Lomandra,24
48,0.786,30,5,16hour_post,G6,Lomandra,24
5,0.801,30,30,16hour_post,A5,Euc,3
5,0.779,30,120,16hour_post,A5,Euc,3
5,0,48,120,16hour_post,A5,Euc,3
5,0.796,40,5,16hour_post,A5,Euc,3
5,0,40,120,16hour_post,A5,Euc,3
5,0.799,30,5,16hour_post,A5,Euc,3
5,0.788,40,30,16hour_post,A5,Euc,3
5,0,48,30,16hour_post,A5,Euc,3
5,0.542,48,5,16hour_post,A5,Euc,3
6,0.815,40,5,16hour_post,A6,Poplar,3
6,0.805,30,30,16hour_post,A6,Poplar,3
6,0,48,120,16hour_post,A6,Poplar,3
6,0.782,30,120,16hour_post,A6,Poplar,3
6,0.407,48,30,16hour_post,A6,Poplar,3
6,0.668,48,5,16hour_post,A6,Poplar,3
6,0.814,30,5,16hour_post,A6,Poplar,3
6,0.795,40,30,16hour_post,A6,Poplar,3
6,0.746,40,120,16hour_post,A6,Poplar,3
7,0.802,40,5,16hour_post,A7,Poplar,12
7,0.796,30,120,16hour_post,A7,Poplar,12
7,0.29,48,120,16hour_post,A7,Poplar,12
7,0.796,40,30,16hour_post,A7,Poplar,12
7,0.805,30,30,16hour_post,A7,Poplar,12
7,0.75,40,120,16hour_post,A7,Poplar,12
7,0.816,30,5,16hour_post,A7,Poplar,12
7,0.461,48,30,16hour_post,A7,Poplar,12
7,0.645,48,5,16hour_post,A7,Poplar,12
8,0.767,40,5,16hour_post,B1,Euc,24
8,0.792,30,30,16hour_post,B1,Euc,24
8,0.538,40,120,16hour_post,B1,Euc,24
8,0.747,40,30,16hour_post,B1,Euc,24
8,0.789,30,120,16hour_post,B1,Euc,24
8,0,48,120,16hour_post,B1,Euc,24
8,0.734,30,5,16hour_post,B1,Euc,24
8,0,48,30,16hour_post,B1,Euc,24
8,0.526,48,5,16hour_post,B1,Euc,24
9,0.641,30,30,16hour_post,B2,Euc,24
9,0.66,30,120,16hour_post,B2,Euc,24
9,0.66,40,5,16hour_post,B2,Euc,24
9,0,40,120,16hour_post,B2,Euc,24
9,0,48,120,16hour_post,B2,Euc,24
9,0.684,40,30,16hour_post,B2,Euc,24
9,0,48,30,16hour_post,B2,Euc,24
9,0.797,30,5,16hour_post,B2,Euc,24
9,0.526,48,5,16hour_post,B2,Euc,24
1,0.72,48,5,24hour_post,A1,Poplar,24
1,0,48,120,24hour_post,A1,Poplar,24
1,0.776,30,5,24hour_post,A1,Poplar,24
1,0.776,30,120,24hour_post,A1,Poplar,24
1,0.785,40,120,24hour_post,A1,Poplar,24
1,0.787,30,30,24hour_post,A1,Poplar,24
1,0.787,40,5,24hour_post,A1,Poplar,24
1,0.789,40,30,24hour_post,A1,Poplar,24
1,0.394,48,30,24hour_post,A1,Poplar,24
10,0.778,40,30,24hour_post,B3,Poplar,3
10,0.793,30,30,24hour_post,B3,Poplar,3
10,0.578,48,5,24hour_post,B3,Poplar,3
10,0.797,30,5,24hour_post,B3,Poplar,3
10,0.755,40,120,24hour_post,B3,Poplar,3
10,0.768,30,120,24hour_post,B3,Poplar,3
10,0.815,40,5,24hour_post,B3,Poplar,3
10,0,48,30,24hour_post,B3,Poplar,3
10,0,48,120,24hour_post,B3,Poplar,3
11,0.767,40,5,24hour_post,B4,Euc,12
11,0.732,30,120,24hour_post,B4,Euc,12
11,0.77,30,5,24hour_post,B4,Euc,12
11,0.765,30,30,24hour_post,B4,Euc,12
11,0.559,40,30,24hour_post,B4,Euc,12
11,0.489,48,5,24hour_post,B4,Euc,12
11,0,48,30,24hour_post,B4,Euc,12
11,0.598,40,120,24hour_post,B4,Euc,12
11,0,48,120,24hour_post,B4,Euc,12
12,0.778,40,5,24hour_post,B5,Lomandra,0
12,0,48,120,24hour_post,B5,Lomandra,0
12,0.693,30,120,24hour_post,B5,Lomandra,0
12,0.726,30,30,24hour_post,B5,Lomandra,0
12,0.773,30,5,24hour_post,B5,Lomandra,0
12,0.705,48,5,24hour_post,B5,Lomandra,0
12,0.763,40,30,24hour_post,B5,Lomandra,0
12,0.268,48,30,24hour_post,B5,Lomandra,0
12,0.661,40,120,24hour_post,B5,Lomandra,0
13,0.765,40,5,24hour_post,B6,Lomandra,3
13,0.732,40,30,24hour_post,B6,Lomandra,3
13,0.713,30,30,24hour_post,B6,Lomandra,3
13,0.399,48,120,24hour_post,B6,Lomandra,3
13,0.607,48,30,24hour_post,B6,Lomandra,3
13,0.745,30,5,24hour_post,B6,Lomandra,3
13,0.738,30,120,24hour_post,B6,Lomandra,3
13,0.738,40,120,24hour_post,B6,Lomandra,3
13,0.72,48,5,24hour_post,B6,Lomandra,3
14,0.72,30,120,24hour_post,B7,Lomandra,0
14,0.653,48,30,24hour_post,B7,Lomandra,0
14,0.432,48,120,24hour_post,B7,Lomandra,0
14,0.778,30,30,24hour_post,B7,Lomandra,0
14,0.788,40,30,24hour_post,B7,Lomandra,0
14,0.739,30,5,24hour_post,B7,Lomandra,0
14,0.788,40,5,24hour_post,B7,Lomandra,0
14,0.761,48,5,24hour_post,B7,Lomandra,0
14,0.73,40,120,24hour_post,B7,Lomandra,0
15,0.786,30,120,24hour_post,C1,Poplar,24
15,0.111,48,120,24hour_post,C1,Poplar,24
15,0.69,48,5,24hour_post,C1,Poplar,24
15,0.798,40,30,24hour_post,C1,Poplar,24
15,0.802,30,5,24hour_post,C1,Poplar,24
15,0.315,48,30,24hour_post,C1,Poplar,24
15,0.792,30,30,24hour_post,C1,Poplar,24
15,0.804,40,5,24hour_post,C1,Poplar,24
15,0.726,40,120,24hour_post,C1,Poplar,24
16,0.512,48,5,24hour_post,C2,Euc,3
16,0.749,30,120,24hour_post,C2,Euc,3
16,0,48,120,24hour_post,C2,Euc,3
16,0.705,40,30,24hour_post,C2,Euc,3
16,0.779,30,5,24hour_post,C2,Euc,3
16,0.785,40,5,24hour_post,C2,Euc,3
16,0.754,30,30,24hour_post,C2,Euc,3
16,0.587,40,120,24hour_post,C2,Euc,3
16,0,48,30,24hour_post,C2,Euc,3
17,0,48,120,24hour_post,C3,Lomandra,12
17,0.725,30,5,24hour_post,C3,Lomandra,12
17,0.694,30,30,24hour_post,C3,Lomandra,12
17,0.689,48,5,24hour_post,C3,Lomandra,12
17,0.635,30,120,24hour_post,C3,Lomandra,12
17,0.684,40,120,24hour_post,C3,Lomandra,12
17,0.734,40,5,24hour_post,C3,Lomandra,12
17,0.669,40,30,24hour_post,C3,Lomandra,12
17,0.32,48,30,24hour_post,C3,Lomandra,12
18,0.463,48,5,24hour_post,C4,Euc,0
18,0.74,30,30,24hour_post,C4,Euc,0
18,0,48,120,24hour_post,C4,Euc,0
18,0.765,30,5,24hour_post,C4,Euc,0
18,0.607,30,120,24hour_post,C4,Euc,0
18,0.773,40,5,24hour_post,C4,Euc,0
18,0.63,40,30,24hour_post,C4,Euc,0
18,0.607,40,120,24hour_post,C4,Euc,0
18,0,48,30,24hour_post,C4,Euc,0
19,0,48,120,24hour_post,C5,Poplar,0
19,0.625,48,5,24hour_post,C5,Poplar,0
19,0.787,30,30,24hour_post,C5,Poplar,0
19,0.785,30,5,24hour_post,C5,Poplar,0
19,0.682,30,120,24hour_post,C5,Poplar,0
19,0.803,40,5,24hour_post,C5,Poplar,0
19,0.746,40,120,24hour_post,C5,Poplar,0
19,0.049,48,30,24hour_post,C5,Poplar,0
19,0.777,40,30,24hour_post,C5,Poplar,0
2,0.71,40,120,24hour_post,A2,Lomandra,24
2,0.785,30,5,24hour_post,A2,Lomandra,24
2,0.721,48,5,24hour_post,A2,Lomandra,24
2,0.726,40,30,24hour_post,A2,Lomandra,24
2,0.767,40,5,24hour_post,A2,Lomandra,24
2,0.696,30,120,24hour_post,A2,Lomandra,24
2,0.757,30,30,24hour_post,A2,Lomandra,24
2,0.668,48,120,24hour_post,A2,Lomandra,24
2,0.374,48,30,24hour_post,A2,Lomandra,24
20,0.456,48,5,24hour_post,C6,Euc,24
20,0.663,30,5,24hour_post,C6,Euc,24
20,0,48,120,24hour_post,C6,Euc,24
20,0.733,40,30,24hour_post,C6,Euc,24
20,0.553,30,120,24hour_post,C6,Euc,24
20,0,48,30,24hour_post,C6,Euc,24
20,0.766,30,30,24hour_post,C6,Euc,24
20,0,40,120,24hour_post,C6,Euc,24
20,0.78,40,5,24hour_post,C6,Euc,24
21,0.567,48,5,24hour_post,C7,Poplar,0
21,0.785,30,30,24hour_post,C7,Poplar,0
21,0.07,48,120,24hour_post,C7,Poplar,0
21,0.802,30,5,24hour_post,C7,Poplar,0
21,0.741,30,120,24hour_post,C7,Poplar,0
21,0.763,40,120,24hour_post,C7,Poplar,0
21,0.791,40,30,24hour_post,C7,Poplar,0
21,0.296,48,30,24hour_post,C7,Poplar,0
21,0.806,40,5,24hour_post,C7,Poplar,0
22,0,48,120,24hour_post,D1,Euc,0
22,0.75,40,30,24hour_post,D1,Euc,0
22,0.55,48,5,24hour_post,D1,Euc,0
22,0.579,40,120,24hour_post,D1,Euc,0
22,0.767,30,5,24hour_post,D1,Euc,0
22,0.759,30,120,24hour_post,D1,Euc,0
22,0.616,30,30,24hour_post,D1,Euc,0
22,0.784,40,5,24hour_post,D1,Euc,0
22,0,48,30,24hour_post,D1,Euc,0
23,0.699,48,5,24hour_post,D2,Lomandra,12
23,0.437,48,120,24hour_post,D2,Lomandra,12
23,0.682,40,30,24hour_post,D2,Lomandra,12
23,0.703,30,120,24hour_post,D2,Lomandra,12
23,0.606,40,120,24hour_post,D2,Lomandra,12
23,0.735,30,5,24hour_post,D2,Lomandra,12
23,0.546,48,30,24hour_post,D2,Lomandra,12
23,0.728,40,5,24hour_post,D2,Lomandra,12
23,0.728,30,30,24hour_post,D2,Lomandra,12
24,0.736,30,120,24hour_post,D3,Poplar,24
24,0.754,40,30,24hour_post,D3,Poplar,24
24,0.608,48,5,24hour_post,D3,Poplar,24
24,0,48,120,24hour_post,D3,Poplar,24
24,0.781,30,5,24hour_post,D3,Poplar,24
24,0.79,40,5,24hour_post,D3,Poplar,24
24,0.633,40,120,24hour_post,D3,Poplar,24
24,0.774,30,30,24hour_post,D3,Poplar,24
24,0.144,48,30,24hour_post,D3,Poplar,24
25,0.678,48,5,24hour_post,D4,Lomandra,12
25,0.667,40,30,24hour_post,D4,Lomandra,12
25,0.716,30,5,24hour_post,D4,Lomandra,12
25,0.228,48,120,24hour_post,D4,Lomandra,12
25,0.614,30,120,24hour_post,D4,Lomandra,12
25,0.632,40,120,24hour_post,D4,Lomandra,12
25,0.739,40,5,24hour_post,D4,Lomandra,12
25,0.665,30,30,24hour_post,D4,Lomandra,12
25,0.57,48,30,24hour_post,D4,Lomandra,12
26,0.528,48,5,24hour_post,D5,Euc,12
26,0.498,40,120,24hour_post,D5,Euc,12
26,0,48,120,24hour_post,D5,Euc,12
26,0.791,40,5,24hour_post,D5,Euc,12
26,0.704,30,120,24hour_post,D5,Euc,12
26,0.764,30,5,24hour_post,D5,Euc,12
26,0.751,40,30,24hour_post,D5,Euc,12
26,0,48,30,24hour_post,D5,Euc,12
26,0.603,30,30,24hour_post,D5,Euc,12
27,0.709,40,120,24hour_post,D6,Poplar,0
27,0.794,30,5,24hour_post,D6,Poplar,0
27,0.766,40,30,24hour_post,D6,Poplar,0
27,0.717,30,120,24hour_post,D6,Poplar,0
27,0.597,48,5,24hour_post,D6,Poplar,0
27,0,48,120,24hour_post,D6,Poplar,0
27,0.81,40,5,24hour_post,D6,Poplar,0
27,0.188,48,30,24hour_post,D6,Poplar,0
27,0.787,30,30,24hour_post,D6,Poplar,0
28,0.751,30,5,24hour_post,D7,Lomandra,24
28,0.754,48,5,24hour_post,D7,Lomandra,24
28,0.757,40,30,24hour_post,D7,Lomandra,24
28,0.699,30,120,24hour_post,D7,Lomandra,24
28,0.638,40,120,24hour_post,D7,Lomandra,24
28,0.257,48,120,24hour_post,D7,Lomandra,24
28,0.486,48,30,24hour_post,D7,Lomandra,24
28,0.791,40,5,24hour_post,D7,Lomandra,24
28,0.781,30,30,24hour_post,D7,Lomandra,24
29,0.497,48,5,24hour_post,E1,Euc,3
29,0.777,30,120,24hour_post,E1,Euc,3
29,0,48,120,24hour_post,E1,Euc,3
29,0.696,40,120,24hour_post,E1,Euc,3
29,0.772,40,30,24hour_post,E1,Euc,3
29,0.778,30,5,24hour_post,E1,Euc,3
29,0,48,30,24hour_post,E1,Euc,3
29,0.782,40,5,24hour_post,E1,Euc,3
29,0.768,30,30,24hour_post,E1,Euc,3
3,0.668,40,120,24hour_post,A3,Euc,12
3,0.792,40,5,24hour_post,A3,Euc,12
3,0.74,40,30,24hour_post,A3,Euc,12
3,0.35,48,5,24hour_post,A3,Euc,12
3,0.768,30,120,24hour_post,A3,Euc,12
3,0,48,120,24hour_post,A3,Euc,12
3,0,48,30,24hour_post,A3,Euc,12
3,0.789,30,30,24hour_post,A3,Euc,12
3,0.592,30,5,24hour_post,A3,Euc,12
30,0.746,30,5,24hour_post,E2,Lomandra,12
30,0.67,30,120,24hour_post,E2,Lomandra,12
30,0.678,40,30,24hour_post,E2,Lomandra,12
30,0.73,40,5,24hour_post,E2,Lomandra,12
30,0.608,40,120,24hour_post,E2,Lomandra,12
30,0.739,30,30,24hour_post,E2,Lomandra,12
30,0.355,48,120,24hour_post,E2,Lomandra,12
30,0.442,48,30,24hour_post,E2,Lomandra,12
30,0.691,48,5,24hour_post,E2,Lomandra,12
31,0.728,30,120,24hour_post,E3,Lomandra,3
31,0.713,40,30,24hour_post,E3,Lomandra,3
31,0.543,48,120,24hour_post,E3,Lomandra,3
31,0.714,48,5,24hour_post,E3,Lomandra,3
31,0.73,40,5,24hour_post,E3,Lomandra,3
31,0.59,40,120,24hour_post,E3,Lomandra,3
31,0.613,48,30,24hour_post,E3,Lomandra,3
31,0.736,30,5,24hour_post,E3,Lomandra,3
31,0.726,30,30,24hour_post,E3,Lomandra,3
32,0.305,48,120,24hour_post,E4,Lomandra,3
32,0.699,48,5,24hour_post,E4,Lomandra,3
32,0.67,30,120,24hour_post,E4,Lomandra,3
32,0.666,40,120,24hour_post,E4,Lomandra,3
32,0.692,40,30,24hour_post,E4,Lomandra,3
32,0.598,48,30,24hour_post,E4,Lomandra,3
32,0.714,30,30,24hour_post,E4,Lomandra,3
32,0.743,40,5,24hour_post,E4,Lomandra,3
32,0.755,30,5,24hour_post,E4,Lomandra,3
33,0.74,40,30,24hour_post,E5,Lomandra,24
33,0.288,48,120,24hour_post,E5,Lomandra,24
33,0.74,40,5,24hour_post,E5,Lomandra,24
33,0.691,48,5,24hour_post,E5,Lomandra,24
33,0.721,30,120,24hour_post,E5,Lomandra,24
33,0.755,30,5,24hour_post,E5,Lomandra,24
33,0.714,30,30,24hour_post,E5,Lomandra,24
33,0.708,40,120,24hour_post,E5,Lomandra,24
33,0.451,48,30,24hour_post,E5,Lomandra,24
34,0,48,120,24hour_post,E6,Euc,0
34,0.779,40,5,24hour_post,E6,Euc,0
34,0.68,30,5,24hour_post,E6,Euc,0
34,0.535,48,5,24hour_post,E6,Euc,0
34,0.677,40,30,24hour_post,E6,Euc,0
34,0.602,30,120,24hour_post,E6,Euc,0
34,0.761,30,30,24hour_post,E6,Euc,0
34,0.607,40,120,24hour_post,E6,Euc,0
34,0.07,48,30,24hour_post,E6,Euc,0
35,0.821,40,5,24hour_post,E7,Poplar,3
35,0.149,48,120,24hour_post,E7,Poplar,3
35,0.81,40,30,24hour_post,E7,Poplar,3
35,0.59,48,5,24hour_post,E7,Poplar,3
35,0.767,40,120,24hour_post,E7,Poplar,3
35,0.794,30,120,24hour_post,E7,Poplar,3
35,0.805,30,5,24hour_post,E7,Poplar,3
35,0.308,48,30,24hour_post,E7,Poplar,3
35,0.814,30,30,24hour_post,E7,Poplar,3
36,0.352,48,120,24hour_post,F1,Lomandra,0
36,0.764,40,30,24hour_post,F1,Lomandra,0
36,0.753,40,5,24hour_post,F1,Lomandra,0
36,0.734,30,120,24hour_post,F1,Lomandra,0
36,0.675,40,120,24hour_post,F1,Lomandra,0
36,0.755,30,30,24hour_post,F1,Lomandra,0
36,0.765,30,5,24hour_post,F1,Lomandra,0
36,0.721,48,30,24hour_post,F1,Lomandra,0
36,0.728,48,5,24hour_post,F1,Lomandra,0
37,0.783,40,30,24hour_post,F2,Poplar,12
37,0.092,48,120,24hour_post,F2,Poplar,12
37,0.623,48,5,24hour_post,F2,Poplar,12
37,0.79,30,120,24hour_post,F2,Poplar,12
37,0.799,30,30,24hour_post,F2,Poplar,12
37,0.801,40,5,24hour_post,F2,Poplar,12
37,0.795,30,5,24hour_post,F2,Poplar,12
37,0.292,48,30,24hour_post,F2,Poplar,12
37,0.714,40,120,24hour_post,F2,Poplar,12
38,0.392,48,120,24hour_post,F3,Lomandra,3
38,0.698,30,120,24hour_post,F3,Lomandra,3
38,0.663,40,120,24hour_post,F3,Lomandra,3
38,0.774,40,5,24hour_post,F3,Lomandra,3
38,0.631,48,30,24hour_post,F3,Lomandra,3
38,0.768,30,30,24hour_post,F3,Lomandra,3
38,0.71,48,5,24hour_post,F3,Lomandra,3
38,0.77,30,5,24hour_post,F3,Lomandra,3
38,0.749,40,30,24hour_post,F3,Lomandra,3
39,0,48,120,24hour_post,F4,Euc,12
39,0.651,30,30,24hour_post,F4,Euc,12
39,0.755,40,30,24hour_post,F4,Euc,12
39,0.769,30,120,24hour_post,F4,Euc,12
39,0.697,40,5,24hour_post,F4,Euc,12
39,0,48,30,24hour_post,F4,Euc,12
39,0.673,30,5,24hour_post,F4,Euc,12
39,0.258,48,5,24hour_post,F4,Euc,12
39,0.49,40,120,24hour_post,F4,Euc,12
4,0.796,40,5,24hour_post,A4,Poplar,12
4,0.591,48,5,24hour_post,A4,Poplar,12
4,0.778,40,30,24hour_post,A4,Poplar,12
4,0,48,120,24hour_post,A4,Poplar,12
4,0.804,30,5,24hour_post,A4,Poplar,12
4,0.773,30,120,24hour_post,A4,Poplar,12
4,0.109,48,30,24hour_post,A4,Poplar,12
4,0.788,30,30,24hour_post,A4,Poplar,12
4,0.769,40,120,24hour_post,A4,Poplar,12
40,0.787,30,120,24hour_post,F5,Poplar,3
40,0,48,30,24hour_post,F5,Poplar,3
40,0.81,40,5,24hour_post,F5,Poplar,3
40,0,48,120,24hour_post,F5,Poplar,3
40,0.571,48,5,24hour_post,F5,Poplar,3
40,0.763,40,120,24hour_post,F5,Poplar,3
40,0.809,30,5,24hour_post,F5,Poplar,3
40,0.81,30,30,24hour_post,F5,Poplar,3
40,0.805,40,30,24hour_post,F5,Poplar,3
41,0.797,30,30,24hour_post,F6,Poplar,0
41,0.766,30,120,24hour_post,F6,Poplar,0
41,0.815,40,5,24hour_post,F6,Poplar,0
41,0,48,120,24hour_post,F6,Poplar,0
41,0.627,48,5,24hour_post,F6,Poplar,0
41,0.803,30,5,24hour_post,F6,Poplar,0
41,0.636,40,120,24hour_post,F6,Poplar,0
41,0.269,48,30,24hour_post,F6,Poplar,0
41,0.798,40,30,24hour_post,F6,Poplar,0
42,0.795,30,30,24hour_post,F7,Euc,24
42,0,48,120,24hour_post,F7,Euc,24
42,0,48,30,24hour_post,F7,Euc,24
42,0.779,40,5,24hour_post,F7,Euc,24
42,0.8,30,5,24hour_post,F7,Euc,24
42,0.735,30,120,24hour_post,F7,Euc,24
42,0.551,40,120,24hour_post,F7,Euc,24
42,0.585,48,5,24hour_post,F7,Euc,24
42,0.764,40,30,24hour_post,F7,Euc,24
43,0.747,40,5,24hour_post,G1,Lomandra,0
43,0.751,40,30,24hour_post,G1,Lomandra,0
43,0.783,30,5,24hour_post,G1,Lomandra,0
43,0.733,48,5,24hour_post,G1,Lomandra,0
43,0.778,30,120,24hour_post,G1,Lomandra,0
43,0.62,48,30,24hour_post,G1,Lomandra,0
43,0.414,48,120,24hour_post,G1,Lomandra,0
43,0.736,40,120,24hour_post,G1,Lomandra,0
43,0.782,30,30,24hour_post,G1,Lomandra,0
44,0.113,48,30,24hour_post,G2,Euc,3
44,0,48,120,24hour_post,G2,Euc,3
44,0.784,30,5,24hour_post,G2,Euc,3
44,0.791,30,30,24hour_post,G2,Euc,3
44,0.533,48,5,24hour_post,G2,Euc,3
44,0.759,40,30,24hour_post,G2,Euc,3
44,0.788,40,5,24hour_post,G2,Euc,3
44,0.759,40,120,24hour_post,G2,Euc,3
44,0.764,30,120,24hour_post,G2,Euc,3
45,0,48,120,24hour_post,G3,Euc,0
45,0.789,40,5,24hour_post,G3,Euc,0
45,0.775,30,5,24hour_post,G3,Euc,0
45,0.697,40,30,24hour_post,G3,Euc,0
45,0.438,48,5,24hour_post,G3,Euc,0
45,0.134,48,30,24hour_post,G3,Euc,0
45,0.688,30,120,24hour_post,G3,Euc,0
45,0.616,40,120,24hour_post,G3,Euc,0
45,0.687,30,30,24hour_post,G3,Euc,0
46,0.797,40,30,24hour_post,G4,Poplar,24
46,0.247,48,30,24hour_post,G4,Poplar,24
46,0.683,40,120,24hour_post,G4,Poplar,24
46,0.097,48,120,24hour_post,G4,Poplar,24
46,0.794,30,5,24hour_post,G4,Poplar,24
46,0.765,30,120,24hour_post,G4,Poplar,24
46,0.806,40,5,24hour_post,G4,Poplar,24
46,0.801,30,30,24hour_post,G4,Poplar,24
46,0.648,48,5,24hour_post,G4,Poplar,24
47,0.747,30,120,24hour_post,G5,Poplar,12
47,0.801,30,5,24hour_post,G5,Poplar,12
47,0.642,48,5,24hour_post,G5,Poplar,12
47,0.143,48,120,24hour_post,G5,Poplar,12
47,0.791,40,30,24hour_post,G5,Poplar,12
47,0.276,48,30,24hour_post,G5,Poplar,12
47,0.72,40,120,24hour_post,G5,Poplar,12
47,0.803,30,30,24hour_post,G5,Poplar,12
47,0.804,40,5,24hour_post,G5,Poplar,12
48,0.755,30,5,24hour_post,G6,Lomandra,24
48,0.739,48,5,24hour_post,G6,Lomandra,24
48,0.762,40,30,24hour_post,G6,Lomandra,24
48,0.603,40,120,24hour_post,G6,Lomandra,24
48,0.78,40,5,24hour_post,G6,Lomandra,24
48,0.325,48,120,24hour_post,G6,Lomandra,24
48,0.732,30,120,24hour_post,G6,Lomandra,24
48,0.631,48,30,24hour_post,G6,Lomandra,24
48,0.784,30,30,24hour_post,G6,Lomandra,24
5,0.784,40,30,24hour_post,A5,Euc,3
5,0.805,40,5,24hour_post,A5,Euc,3
5,0.793,30,30,24hour_post,A5,Euc,3
5,0,48,120,24hour_post,A5,Euc,3
5,0,40,120,24hour_post,A5,Euc,3
5,0.781,30,120,24hour_post,A5,Euc,3
5,0.455,48,5,24hour_post,A5,Euc,3
5,0,48,30,24hour_post,A5,Euc,3
5,0.777,30,5,24hour_post,A5,Euc,3
6,0.626,48,5,24hour_post,A6,Poplar,3
6,0.79,30,120,24hour_post,A6,Poplar,3
6,0.82,40,5,24hour_post,A6,Poplar,3
6,0.801,40,30,24hour_post,A6,Poplar,3
6,0.805,30,30,24hour_post,A6,Poplar,3
6,0,48,120,24hour_post,A6,Poplar,3
6,0.781,40,120,24hour_post,A6,Poplar,3
6,0.305,48,30,24hour_post,A6,Poplar,3
6,0.791,30,5,24hour_post,A6,Poplar,3
7,0.8,30,120,24hour_post,A7,Poplar,12
7,0.801,40,30,24hour_post,A7,Poplar,12
7,0.2,48,120,24hour_post,A7,Poplar,12
7,0.797,30,5,24hour_post,A7,Poplar,12
7,0.809,40,5,24hour_post,A7,Poplar,12
7,0.805,30,30,24hour_post,A7,Poplar,12
7,0.635,48,5,24hour_post,A7,Poplar,12
7,0.417,48,30,24hour_post,A7,Poplar,12
7,0.786,40,120,24hour_post,A7,Poplar,12
8,0.744,40,30,24hour_post,B1,Euc,24
8,0.508,48,5,24hour_post,B1,Euc,24
8,0.786,40,5,24hour_post,B1,Euc,24
8,0.586,40,120,24hour_post,B1,Euc,24
8,0.781,30,120,24hour_post,B1,Euc,24
8,0.793,30,30,24hour_post,B1,Euc,24
8,0,48,120,24hour_post,B1,Euc,24
8,0.635,30,5,24hour_post,B1,Euc,24
8,0,48,30,24hour_post,B1,Euc,24
9,0.548,40,30,24hour_post,B2,Euc,24
9,0.649,30,120,24hour_post,B2,Euc,24
9,0.674,40,5,24hour_post,B2,Euc,24
9,0.509,40,120,24hour_post,B2,Euc,24
9,0.552,30,30,24hour_post,B2,Euc,24
9,0,48,120,24hour_post,B2,Euc,24
9,0.5,48,5,24hour_post,B2,Euc,24
9,0.79,30,5,24hour_post,B2,Euc,24
9,0,48,30,24hour_post,B2,Euc,24
1,0.848,40,5,2hour_post,A1,Poplar,24
1,0,48,120,2hour_post,A1,Poplar,24
1,0.775,30,120,2hour_post,A1,Poplar,24
1,0.81,30,30,2hour_post,A1,Poplar,24
1,0.825,30,5,2hour_post,A1,Poplar,24
1,0.762,40,120,2hour_post,A1,Poplar,24
1,0.749,48,5,2hour_post,A1,Poplar,24
1,0.815,40,30,2hour_post,A1,Poplar,24
1,0.496,48,30,2hour_post,A1,Poplar,24
10,0.789,40,30,2hour_post,B3,Poplar,3
10,0.737,30,120,2hour_post,B3,Poplar,3
10,0.847,40,5,2hour_post,B3,Poplar,3
10,0,48,120,2hour_post,B3,Poplar,3
10,0.66,48,5,2hour_post,B3,Poplar,3
10,0.819,30,5,2hour_post,B3,Poplar,3
10,0.789,30,30,2hour_post,B3,Poplar,3
10,0.681,40,120,2hour_post,B3,Poplar,3
10,0.182,48,30,2hour_post,B3,Poplar,3
11,0.641,40,30,2hour_post,B4,Euc,12
11,0,48,120,2hour_post,B4,Euc,12
11,0.806,30,5,2hour_post,B4,Euc,12
11,0.809,40,5,2hour_post,B4,Euc,12
11,0.593,30,120,2hour_post,B4,Euc,12
11,0.6,48,5,2hour_post,B4,Euc,12
11,0.755,30,30,2hour_post,B4,Euc,12
11,0,40,120,2hour_post,B4,Euc,12
11,0.125,48,30,2hour_post,B4,Euc,12
12,0.819,40,5,2hour_post,B5,Lomandra,0
12,0,48,120,2hour_post,B5,Lomandra,0
12,0.674,30,120,2hour_post,B5,Lomandra,0
12,0.781,40,30,2hour_post,B5,Lomandra,0
12,0.699,30,30,2hour_post,B5,Lomandra,0
12,0.776,30,5,2hour_post,B5,Lomandra,0
12,0.693,48,5,2hour_post,B5,Lomandra,0
12,0.597,40,120,2hour_post,B5,Lomandra,0
12,0.339,48,30,2hour_post,B5,Lomandra,0
13,0.35,48,120,2hour_post,B6,Lomandra,3
13,0.726,30,120,2hour_post,B6,Lomandra,3
13,0.803,40,5,2hour_post,B6,Lomandra,3
13,0.714,30,30,2hour_post,B6,Lomandra,3
13,0.749,40,30,2hour_post,B6,Lomandra,3
13,0.787,30,5,2hour_post,B6,Lomandra,3
13,0.405,48,30,2hour_post,B6,Lomandra,3
13,0.703,40,120,2hour_post,B6,Lomandra,3
13,0.737,48,5,2hour_post,B6,Lomandra,3
14,0.358,48,120,2hour_post,B7,Lomandra,0
14,0.775,30,30,2hour_post,B7,Lomandra,0
14,0.761,30,5,2hour_post,B7,Lomandra,0
14,0.703,40,120,2hour_post,B7,Lomandra,0
14,0.685,30,120,2hour_post,B7,Lomandra,0
14,0.816,40,30,2hour_post,B7,Lomandra,0
14,0.823,40,5,2hour_post,B7,Lomandra,0
14,0.575,48,30,2hour_post,B7,Lomandra,0
14,0.748,48,5,2hour_post,B7,Lomandra,0
15,0.839,40,5,2hour_post,C1,Poplar,24
15,0,48,120,2hour_post,C1,Poplar,24
15,0.815,30,30,2hour_post,C1,Poplar,24
15,0.533,40,120,2hour_post,C1,Poplar,24
15,0.83,40,30,2hour_post,C1,Poplar,24
15,0.782,30,120,2hour_post,C1,Poplar,24
15,0.824,30,5,2hour_post,C1,Poplar,24
15,0.463,48,30,2hour_post,C1,Poplar,24
15,0.751,48,5,2hour_post,C1,Poplar,24
16,0,48,120,2hour_post,C2,Euc,3
16,0.769,30,30,2hour_post,C2,Euc,3
16,0.705,30,120,2hour_post,C2,Euc,3
16,0.646,40,30,2hour_post,C2,Euc,3
16,0.61,48,5,2hour_post,C2,Euc,3
16,0.806,30,5,2hour_post,C2,Euc,3
16,0.824,40,5,2hour_post,C2,Euc,3
16,0,48,30,2hour_post,C2,Euc,3
16,0,40,120,2hour_post,C2,Euc,3
17,0.688,30,30,2hour_post,C3,Lomandra,12
17,0,48,120,2hour_post,C3,Lomandra,12
17,0.608,30,120,2hour_post,C3,Lomandra,12
17,0.792,40,5,2hour_post,C3,Lomandra,12
17,0.643,40,120,2hour_post,C3,Lomandra,12
17,0.744,30,5,2hour_post,C3,Lomandra,12
17,0.699,40,30,2hour_post,C3,Lomandra,12
17,0.692,48,5,2hour_post,C3,Lomandra,12
17,0.361,48,30,2hour_post,C3,Lomandra,12
18,0.554,48,5,2hour_post,C4,Euc,0
18,0.722,30,30,2hour_post,C4,Euc,0
18,0,48,120,2hour_post,C4,Euc,0
18,0.686,30,120,2hour_post,C4,Euc,0
18,0.811,40,5,2hour_post,C4,Euc,0
18,0.571,40,120,2hour_post,C4,Euc,0
18,0.736,40,30,2hour_post,C4,Euc,0
18,0,48,30,2hour_post,C4,Euc,0
18,0.78,30,5,2hour_post,C4,Euc,0
19,0.668,48,5,2hour_post,C5,Poplar,0
19,0.805,30,5,2hour_post,C5,Poplar,0
19,0.657,30,120,2hour_post,C5,Poplar,0
19,0.098,48,120,2hour_post,C5,Poplar,0
19,0.173,48,30,2hour_post,C5,Poplar,0
19,0.708,40,30,2hour_post,C5,Poplar,0
19,0.782,30,30,2hour_post,C5,Poplar,0
19,0.84,40,5,2hour_post,C5,Poplar,0
19,0.536,40,120,2hour_post,C5,Poplar,0
2,0.778,30,30,2hour_post,A2,Lomandra,24
2,0.659,30,120,2hour_post,A2,Lomandra,24
2,0.805,30,5,2hour_post,A2,Lomandra,24
2,0.819,40,5,2hour_post,A2,Lomandra,24
2,0.688,40,120,2hour_post,A2,Lomandra,24
2,0.739,40,30,2hour_post,A2,Lomandra,24
2,0.74,48,5,2hour_post,A2,Lomandra,24
2,0,48,120,2hour_post,A2,Lomandra,24
2,0,48,30,2hour_post,A2,Lomandra,24
20,0,48,120,2hour_post,C6,Euc,24
20,0.696,30,120,2hour_post,C6,Euc,24
20,0.669,40,30,2hour_post,C6,Euc,24
20,0.118,48,30,2hour_post,C6,Euc,24
20,0.761,30,30,2hour_post,C6,Euc,24
20,0.596,48,5,2hour_post,C6,Euc,24
20,0.804,30,5,2hour_post,C6,Euc,24
20,0,40,120,2hour_post,C6,Euc,24
20,0.822,40,5,2hour_post,C6,Euc,24
21,0.722,30,120,2hour_post,C7,Poplar,0
21,0.677,48,5,2hour_post,C7,Poplar,0
21,0.769,30,30,2hour_post,C7,Poplar,0
21,0.141,48,120,2hour_post,C7,Poplar,0
21,0.808,30,5,2hour_post,C7,Poplar,0
21,0.608,40,120,2hour_post,C7,Poplar,0
21,0.427,48,30,2hour_post,C7,Poplar,0
21,0.825,40,5,2hour_post,C7,Poplar,0
21,0.773,40,30,2hour_post,C7,Poplar,0
22,0.737,30,120,2hour_post,D1,Euc,0
22,0,48,120,2hour_post,D1,Euc,0
22,0.796,30,30,2hour_post,D1,Euc,0
22,0,40,120,2hour_post,D1,Euc,0
22,0.626,48,5,2hour_post,D1,Euc,0
22,0.746,40,30,2hour_post,D1,Euc,0
22,0.796,30,5,2hour_post,D1,Euc,0
22,0,48,30,2hour_post,D1,Euc,0
22,0.82,40,5,2hour_post,D1,Euc,0
23,0,48,120,2hour_post,D2,Lomandra,12
23,0.721,40,30,2hour_post,D2,Lomandra,12
23,0.725,30,30,2hour_post,D2,Lomandra,12
23,0.727,48,5,2hour_post,D2,Lomandra,12
23,0.548,40,120,2hour_post,D2,Lomandra,12
23,0.663,30,120,2hour_post,D2,Lomandra,12
23,0.777,40,5,2hour_post,D2,Lomandra,12
23,0.761,30,5,2hour_post,D2,Lomandra,12
23,0.35,48,30,2hour_post,D2,Lomandra,12
24,0.652,48,5,2hour_post,D3,Poplar,24
24,0,48,120,2hour_post,D3,Poplar,24
24,0.765,30,30,2hour_post,D3,Poplar,24
24,0.672,40,30,2hour_post,D3,Poplar,24
24,0.811,30,5,2hour_post,D3,Poplar,24
24,0.688,30,120,2hour_post,D3,Poplar,24
24,0.833,40,5,2hour_post,D3,Poplar,24
24,0.433,40,120,2hour_post,D3,Poplar,24
24,0.319,48,30,2hour_post,D3,Poplar,24
25,0.669,48,5,2hour_post,D4,Lomandra,12
25,0.659,30,30,2hour_post,D4,Lomandra,12
25,0.685,40,30,2hour_post,D4,Lomandra,12
25,0,48,120,2hour_post,D4,Lomandra,12
25,0.587,40,120,2hour_post,D4,Lomandra,12
25,0.751,30,5,2hour_post,D4,Lomandra,12
25,0.344,48,30,2hour_post,D4,Lomandra,12
25,0.793,40,5,2hour_post,D4,Lomandra,12
25,0.597,30,120,2hour_post,D4,Lomandra,12
26,0,48,120,2hour_post,D5,Euc,12
26,0.594,48,5,2hour_post,D5,Euc,12
26,0.758,30,30,2hour_post,D5,Euc,12
26,0.444,40,120,2hour_post,D5,Euc,12
26,0.697,40,30,2hour_post,D5,Euc,12
26,0.092,48,30,2hour_post,D5,Euc,12
26,0.82,40,5,2hour_post,D5,Euc,12
26,0.566,30,120,2hour_post,D5,Euc,12
26,0.789,30,5,2hour_post,D5,Euc,12
27,0.789,30,30,2hour_post,D6,Poplar,0
27,0.732,40,30,2hour_post,D6,Poplar,0
27,0.69,30,120,2hour_post,D6,Poplar,0
27,0.087,48,120,2hour_post,D6,Poplar,0
27,0.807,30,5,2hour_post,D6,Poplar,0
27,0.415,40,120,2hour_post,D6,Poplar,0
27,0.697,48,5,2hour_post,D6,Poplar,0
27,0.31,48,30,2hour_post,D6,Poplar,0
27,0.842,40,5,2hour_post,D6,Poplar,0
28,0,48,120,2hour_post,D7,Lomandra,24
28,0.768,40,30,2hour_post,D7,Lomandra,24
28,0.816,40,5,2hour_post,D7,Lomandra,24
28,0.781,30,30,2hour_post,D7,Lomandra,24
28,0.569,40,120,2hour_post,D7,Lomandra,24
28,0.759,48,5,2hour_post,D7,Lomandra,24
28,0.66,30,120,2hour_post,D7,Lomandra,24
28,0.778,30,5,2hour_post,D7,Lomandra,24
28,0.489,48,30,2hour_post,D7,Lomandra,24
29,0,48,120,2hour_post,E1,Euc,3
29,0.607,48,5,2hour_post,E1,Euc,3
29,0.755,30,120,2hour_post,E1,Euc,3
29,0.225,48,30,2hour_post,E1,Euc,3
29,0.493,40,120,2hour_post,E1,Euc,3
29,0.78,30,30,2hour_post,E1,Euc,3
29,0.697,40,30,2hour_post,E1,Euc,3
29,0.807,40,5,2hour_post,E1,Euc,3
29,0.792,30,5,2hour_post,E1,Euc,3
3,0.513,40,120,2hour_post,A3,Euc,12
3,0,48,120,2hour_post,A3,Euc,12
3,0.739,30,120,2hour_post,A3,Euc,12
3,0.84,40,5,2hour_post,A3,Euc,12
3,0.556,48,5,2hour_post,A3,Euc,12
3,0.744,40,30,2hour_post,A3,Euc,12
3,0.808,30,5,2hour_post,A3,Euc,12
3,0,48,30,2hour_post,A3,Euc,12
3,0.809,30,30,2hour_post,A3,Euc,12
30,0.745,30,30,2hour_post,E2,Lomandra,12
30,0.696,40,30,2hour_post,E2,Lomandra,12
30,0.628,30,120,2hour_post,E2,Lomandra,12
30,0.763,30,5,2hour_post,E2,Lomandra,12
30,0.764,40,5,2hour_post,E2,Lomandra,12
30,0.535,40,120,2hour_post,E2,Lomandra,12
30,0,48,120,2hour_post,E2,Lomandra,12
30,0.698,48,5,2hour_post,E2,Lomandra,12
30,0.358,48,30,2hour_post,E2,Lomandra,12
31,0.738,40,30,2hour_post,E3,Lomandra,3
31,0.729,30,30,2hour_post,E3,Lomandra,3
31,0.706,30,120,2hour_post,E3,Lomandra,3
31,0.79,40,5,2hour_post,E3,Lomandra,3
31,0.533,40,120,2hour_post,E3,Lomandra,3
31,0.294,48,120,2hour_post,E3,Lomandra,3
31,0.383,48,30,2hour_post,E3,Lomandra,3
31,0.728,48,5,2hour_post,E3,Lomandra,3
31,0.743,30,5,2hour_post,E3,Lomandra,3
32,0.709,30,30,2hour_post,E4,Lomandra,3
32,0.737,40,30,2hour_post,E4,Lomandra,3
32,0,48,120,2hour_post,E4,Lomandra,3
32,0.579,40,120,2hour_post,E4,Lomandra,3
32,0.655,30,120,2hour_post,E4,Lomandra,3
32,0.773,30,5,2hour_post,E4,Lomandra,3
32,0.703,48,5,2hour_post,E4,Lomandra,3
32,0.412,48,30,2hour_post,E4,Lomandra,3
32,0.801,40,5,2hour_post,E4,Lomandra,3
33,0.698,30,30,2hour_post,E5,Lomandra,24
33,0,48,120,2hour_post,E5,Lomandra,24
33,0.302,48,30,2hour_post,E5,Lomandra,24
33,0.701,48,5,2hour_post,E5,Lomandra,24
33,0.697,30,120,2hour_post,E5,Lomandra,24
33,0.609,40,120,2hour_post,E5,Lomandra,24
33,0.752,40,30,2hour_post,E5,Lomandra,24
33,0.78,30,5,2hour_post,E5,Lomandra,24
33,0.781,40,5,2hour_post,E5,Lomandra,24
34,0.768,30,30,2hour_post,E6,Euc,0
34,0.728,30,120,2hour_post,E6,Euc,0
34,0,48,120,2hour_post,E6,Euc,0
34,0,40,120,2hour_post,E6,Euc,0
34,0.819,40,5,2hour_post,E6,Euc,0
34,0.801,30,5,2hour_post,E6,Euc,0
34,0.218,48,30,2hour_post,E6,Euc,0
34,0.617,48,5,2hour_post,E6,Euc,0
34,0.801,40,30,2hour_post,E6,Euc,0
35,0.853,40,5,2hour_post,E7,Poplar,3
35,0.806,30,30,2hour_post,E7,Poplar,3
35,0.236,48,120,2hour_post,E7,Poplar,3
35,0.776,30,120,2hour_post,E7,Poplar,3
35,0.828,40,30,2hour_post,E7,Poplar,3
35,0.818,30,5,2hour_post,E7,Poplar,3
35,0.629,40,120,2hour_post,E7,Poplar,3
35,0.691,48,5,2hour_post,E7,Poplar,3
35,0.529,48,30,2hour_post,E7,Poplar,3
36,0.767,30,30,2hour_post,F1,Lomandra,0
36,0.34,48,120,2hour_post,F1,Lomandra,0
36,0.772,40,5,2hour_post,F1,Lomandra,0
36,0.718,30,120,2hour_post,F1,Lomandra,0
36,0.801,40,30,2hour_post,F1,Lomandra,0
36,0.783,30,5,2hour_post,F1,Lomandra,0
36,0.55,48,30,2hour_post,F1,Lomandra,0
36,0.63,40,120,2hour_post,F1,Lomandra,0
36,0.763,48,5,2hour_post,F1,Lomandra,0
37,0.809,30,30,2hour_post,F2,Poplar,12
37,0.774,30,120,2hour_post,F2,Poplar,12
37,0.127,48,120,2hour_post,F2,Poplar,12
37,0.771,40,30,2hour_post,F2,Poplar,12
37,0.443,48,30,2hour_post,F2,Poplar,12
37,0.813,30,5,2hour_post,F2,Poplar,12
37,0.711,48,5,2hour_post,F2,Poplar,12
37,0.823,40,5,2hour_post,F2,Poplar,12
37,0.513,40,120,2hour_post,F2,Poplar,12
38,0.785,30,30,2hour_post,F3,Lomandra,3
38,0.761,40,30,2hour_post,F3,Lomandra,3
38,0.338,48,120,2hour_post,F3,Lomandra,3
38,0.664,30,120,2hour_post,F3,Lomandra,3
38,0.783,30,5,2hour_post,F3,Lomandra,3
38,0.824,40,5,2hour_post,F3,Lomandra,3
38,0.585,40,120,2hour_post,F3,Lomandra,3
38,0.741,48,5,2hour_post,F3,Lomandra,3
38,0.432,48,30,2hour_post,F3,Lomandra,3
39,0,48,120,2hour_post,F4,Euc,12
39,0.755,40,30,2hour_post,F4,Euc,12
39,0.789,30,30,2hour_post,F4,Euc,12
39,0.841,40,5,2hour_post,F4,Euc,12
39,0,40,120,2hour_post,F4,Euc,12
39,0.51,48,5,2hour_post,F4,Euc,12
39,0.688,30,120,2hour_post,F4,Euc,12
39,0.784,30,5,2hour_post,F4,Euc,12
39,0.167,48,30,2hour_post,F4,Euc,12
4,0.788,30,30,2hour_post,A4,Poplar,12
4,0.82,30,5,2hour_post,A4,Poplar,12
4,0.834,40,5,2hour_post,A4,Poplar,12
4,0.656,40,120,2hour_post,A4,Poplar,12
4,0.758,40,30,2hour_post,A4,Poplar,12
4,0.273,48,30,2hour_post,A4,Poplar,12
4,0.704,48,5,2hour_post,A4,Poplar,12
4,0.746,30,120,2hour_post,A4,Poplar,12
4,0.112,48,120,2hour_post,A4,Poplar,12
40,0.088,48,120,2hour_post,F5,Poplar,3
40,0.848,40,5,2hour_post,F5,Poplar,3
40,0.6,40,120,2hour_post,F5,Poplar,3
40,0.276,48,30,2hour_post,F5,Poplar,3
40,0.768,30,120,2hour_post,F5,Poplar,3
40,0.667,48,5,2hour_post,F5,Poplar,3
40,0.813,30,5,2hour_post,F5,Poplar,3
40,0.816,40,30,2hour_post,F5,Poplar,3
40,0.807,30,30,2hour_post,F5,Poplar,3
41,0.68,48,5,2hour_post,F6,Poplar,0
41,0.814,30,5,2hour_post,F6,Poplar,0
41,0.787,30,30,2hour_post,F6,Poplar,0
41,0.133,48,120,2hour_post,F6,Poplar,0
41,0.454,48,30,2hour_post,F6,Poplar,0
41,0.844,40,5,2hour_post,F6,Poplar,0
41,0.808,40,30,2hour_post,F6,Poplar,0
41,0.44,40,120,2hour_post,F6,Poplar,0
41,0.754,30,120,2hour_post,F6,Poplar,0
42,0,48,120,2hour_post,F7,Euc,24
42,0.297,48,30,2hour_post,F7,Euc,24
42,0.808,30,5,2hour_post,F7,Euc,24
42,0.803,30,30,2hour_post,F7,Euc,24
42,0,40,120,2hour_post,F7,Euc,24
42,0.738,30,120,2hour_post,F7,Euc,24
42,0.771,40,30,2hour_post,F7,Euc,24
42,0.839,40,5,2hour_post,F7,Euc,24
42,0.686,48,5,2hour_post,F7,Euc,24
43,0.405,48,120,2hour_post,G1,Lomandra,0
43,0.776,30,120,2hour_post,G1,Lomandra,0
43,0.794,40,30,2hour_post,G1,Lomandra,0
43,0.804,40,5,2hour_post,G1,Lomandra,0
43,0.793,30,30,2hour_post,G1,Lomandra,0
43,0.761,48,5,2hour_post,G1,Lomandra,0
43,0.792,30,5,2hour_post,G1,Lomandra,0
43,0.494,48,30,2hour_post,G1,Lomandra,0
43,0.671,40,120,2hour_post,G1,Lomandra,0
44,0.744,30,120,2hour_post,G2,Euc,3
44,0.757,40,30,2hour_post,G2,Euc,3
44,0.211,48,30,2hour_post,G2,Euc,3
44,0.797,30,30,2hour_post,G2,Euc,3
44,0,48,120,2hour_post,G2,Euc,3
44,0.523,40,120,2hour_post,G2,Euc,3
44,0.634,48,5,2hour_post,G2,Euc,3
44,0.794,30,5,2hour_post,G2,Euc,3
44,0.822,40,5,2hour_post,G2,Euc,3
45,0.588,48,5,2hour_post,G3,Euc,0
45,0.806,30,30,2hour_post,G3,Euc,0
45,0.743,30,120,2hour_post,G3,Euc,0
45,0,48,120,2hour_post,G3,Euc,0
45,0.787,30,5,2hour_post,G3,Euc,0
45,0.807,40,30,2hour_post,G3,Euc,0
45,0.327,48,30,2hour_post,G3,Euc,0
45,0.823,40,5,2hour_post,G3,Euc,0
45,0.507,40,120,2hour_post,G3,Euc,0
46,0.44,48,30,2hour_post,G4,Poplar,24
46,0.34,40,120,2hour_post,G4,Poplar,24
46,0,48,120,2hour_post,G4,Poplar,24
46,0.817,40,30,2hour_post,G4,Poplar,24
46,0.809,30,30,2hour_post,G4,Poplar,24
46,0.736,30,120,2hour_post,G4,Poplar,24
46,0.838,40,5,2hour_post,G4,Poplar,24
46,0.801,30,5,2hour_post,G4,Poplar,24
46,0.698,48,5,2hour_post,G4,Poplar,24
47,0.805,30,30,2hour_post,G5,Poplar,12
47,0.709,30,120,2hour_post,G5,Poplar,12
47,0,48,120,2hour_post,G5,Poplar,12
47,0.809,30,5,2hour_post,G5,Poplar,12
47,0.79,40,30,2hour_post,G5,Poplar,12
47,0.455,48,30,2hour_post,G5,Poplar,12
47,0.574,40,120,2hour_post,G5,Poplar,12
47,0.84,40,5,2hour_post,G5,Poplar,12
47,0.746,48,5,2hour_post,G5,Poplar,12
48,0.483,48,30,2hour_post,G6,Lomandra,24
48,0,48,120,2hour_post,G6,Lomandra,24
48,0.697,30,120,2hour_post,G6,Lomandra,24
48,0.788,30,30,2hour_post,G6,Lomandra,24
48,0.545,40,120,2hour_post,G6,Lomandra,24
48,0.761,48,5,2hour_post,G6,Lomandra,24
48,0.778,30,5,2hour_post,G6,Lomandra,24
48,0.781,40,30,2hour_post,G6,Lomandra,24
48,0.822,40,5,2hour_post,G6,Lomandra,24
5,0,40,120,2hour_post,A5,Euc,3
5,0.732,40,30,2hour_post,A5,Euc,3
5,0.759,30,120,2hour_post,A5,Euc,3
5,0.843,40,5,2hour_post,A5,Euc,3
5,0,48,30,2hour_post,A5,Euc,3
5,0,48,120,2hour_post,A5,Euc,3
5,0.788,30,30,2hour_post,A5,Euc,3
5,0.804,30,5,2hour_post,A5,Euc,3
5,0.617,48,5,2hour_post,A5,Euc,3
6,0.847,40,5,2hour_post,A6,Poplar,3
6,0.096,48,120,2hour_post,A6,Poplar,3
6,0.455,48,30,2hour_post,A6,Poplar,3
6,0.804,40,30,2hour_post,A6,Poplar,3
6,0.766,30,120,2hour_post,A6,Poplar,3
6,0.7,40,120,2hour_post,A6,Poplar,3
6,0.807,30,30,2hour_post,A6,Poplar,3
6,0.817,30,5,2hour_post,A6,Poplar,3
6,0.739,48,5,2hour_post,A6,Poplar,3
7,0.777,30,120,2hour_post,A7,Poplar,12
7,0.826,40,30,2hour_post,A7,Poplar,12
7,0.722,48,5,2hour_post,A7,Poplar,12
7,0.299,48,120,2hour_post,A7,Poplar,12
7,0.836,40,5,2hour_post,A7,Poplar,12
7,0.519,48,30,2hour_post,A7,Poplar,12
7,0.817,30,5,2hour_post,A7,Poplar,12
7,0.712,40,120,2hour_post,A7,Poplar,12
7,0.8,30,30,2hour_post,A7,Poplar,12
8,0.701,40,30,2hour_post,B1,Euc,24
8,0,40,120,2hour_post,B1,Euc,24
8,0,48,120,2hour_post,B1,Euc,24
8,0.637,48,5,2hour_post,B1,Euc,24
8,0.817,40,5,2hour_post,B1,Euc,24
8,0.799,30,30,2hour_post,B1,Euc,24
8,0.749,30,120,2hour_post,B1,Euc,24
8,0,48,30,2hour_post,B1,Euc,24
8,0.813,30,5,2hour_post,B1,Euc,24
9,0.749,40,30,2hour_post,B2,Euc,24
9,0.736,30,120,2hour_post,B2,Euc,24
9,0.611,48,5,2hour_post,B2,Euc,24
9,0.844,40,5,2hour_post,B2,Euc,24
9,0,48,120,2hour_post,B2,Euc,24
9,0,40,120,2hour_post,B2,Euc,24
9,0,48,30,2hour_post,B2,Euc,24
9,0.809,30,5,2hour_post,B2,Euc,24
9,0.792,30,30,2hour_post,B2,Euc,24
1,0.6,40,120,30min post,A1,Poplar,24
1,0.669,40,30,30min post,A1,Poplar,24
1,0,48,120,30min post,A1,Poplar,24
1,0.769,30,120,30min post,A1,Poplar,24
1,0.762,40,5,30min post,A1,Poplar,24
1,0.45,48,30,30min post,A1,Poplar,24
1,0.67,48,5,30min post,A1,Poplar,24
1,0.811,30,5,30min post,A1,Poplar,24
1,0.741,30,30,30min post,A1,Poplar,24
10,0.738,30,30,30min post,B3,Poplar,3
10,0,48,120,30min post,B3,Poplar,3
10,0.571,48,5,30min post,B3,Poplar,3
10,0.718,30,120,30min post,B3,Poplar,3
10,0.772,40,5,30min post,B3,Poplar,3
10,0.555,40,120,30min post,B3,Poplar,3
10,0.128,48,30,30min post,B3,Poplar,3
10,0.616,40,30,30min post,B3,Poplar,3
10,0.807,30,5,30min post,B3,Poplar,3
11,0.689,30,30,30min post,B4,Euc,12
11,0.618,30,120,30min post,B4,Euc,12
11,0.745,40,5,30min post,B4,Euc,12
11,0,40,120,30min post,B4,Euc,12
11,0,48,120,30min post,B4,Euc,12
11,0.459,48,5,30min post,B4,Euc,12
11,0.806,30,5,30min post,B4,Euc,12
11,0.508,40,30,30min post,B4,Euc,12
11,0,48,30,30min post,B4,Euc,12
12,0.743,40,5,30min post,B5,Lomandra,0
12,0.537,40,120,30min post,B5,Lomandra,0
12,0.649,30,120,30min post,B5,Lomandra,0
12,0,48,120,30min post,B5,Lomandra,0
12,0.63,30,30,30min post,B5,Lomandra,0
12,0.664,40,30,30min post,B5,Lomandra,0
12,0.768,30,5,30min post,B5,Lomandra,0
12,0.577,48,5,30min post,B5,Lomandra,0
12,0.302,48,30,30min post,B5,Lomandra,0
13,0.698,30,120,30min post,B6,Lomandra,3
13,0.712,40,5,30min post,B6,Lomandra,3
13,0.659,30,30,30min post,B6,Lomandra,3
13,0.316,48,120,30min post,B6,Lomandra,3
13,0.678,40,30,30min post,B6,Lomandra,3
13,0.623,48,5,30min post,B6,Lomandra,3
13,0.63,40,120,30min post,B6,Lomandra,3
13,0.788,30,5,30min post,B6,Lomandra,3
13,0.348,48,30,30min post,B6,Lomandra,3
14,0.738,30,30,30min post,B7,Lomandra,0
14,0.673,30,120,30min post,B7,Lomandra,0
14,0.752,40,5,30min post,B7,Lomandra,0
14,0.345,48,120,30min post,B7,Lomandra,0
14,0.741,40,30,30min post,B7,Lomandra,0
14,0.654,48,5,30min post,B7,Lomandra,0
14,0.753,30,5,30min post,B7,Lomandra,0
14,0.519,48,30,30min post,B7,Lomandra,0
14,0.669,40,120,30min post,B7,Lomandra,0
15,0.68,40,30,30min post,C1,Poplar,24
15,0.716,30,120,30min post,C1,Poplar,24
15,0.758,30,30,30min post,C1,Poplar,24
15,0,48,120,30min post,C1,Poplar,24
15,0.42,40,120,30min post,C1,Poplar,24
15,0.758,40,5,30min post,C1,Poplar,24
15,0.82,30,5,30min post,C1,Poplar,24
15,0.661,48,5,30min post,C1,Poplar,24
15,0.392,48,30,30min post,C1,Poplar,24
16,0,40,120,30min post,C2,Euc,3
16,0,48,120,30min post,C2,Euc,3
16,0.524,40,30,30min post,C2,Euc,3
16,0.76,40,5,30min post,C2,Euc,3
16,0.48,48,5,30min post,C2,Euc,3
16,0.689,30,120,30min post,C2,Euc,3
16,0.735,30,30,30min post,C2,Euc,3
16,0.81,30,5,30min post,C2,Euc,3
16,0,48,30,30min post,C2,Euc,3
17,0.533,40,120,30min post,C3,Lomandra,12
17,0.624,30,30,30min post,C3,Lomandra,12
17,0.579,30,120,30min post,C3,Lomandra,12
17,0,48,120,30min post,C3,Lomandra,12
17,0.577,48,5,30min post,C3,Lomandra,12
17,0.711,40,5,30min post,C3,Lomandra,12
17,0.749,30,5,30min post,C3,Lomandra,12
17,0.611,40,30,30min post,C3,Lomandra,12
17,0.282,48,30,30min post,C3,Lomandra,12
18,0,48,120,30min post,C4,Euc,0
18,0.661,30,120,30min post,C4,Euc,0
18,0.664,30,30,30min post,C4,Euc,0
18,0.781,30,5,30min post,C4,Euc,0
18,0.72,40,5,30min post,C4,Euc,0
18,0.461,40,120,30min post,C4,Euc,0
18,0.45,48,5,30min post,C4,Euc,0
18,0,48,30,30min post,C4,Euc,0
18,0.586,40,30,30min post,C4,Euc,0
19,0.728,30,30,30min post,C5,Poplar,0
19,0.63,30,120,30min post,C5,Poplar,0
19,0.805,30,5,30min post,C5,Poplar,0
19,0.769,40,5,30min post,C5,Poplar,0
19,0.42,40,120,30min post,C5,Poplar,0
19,0.069,48,120,30min post,C5,Poplar,0
19,0.568,48,5,30min post,C5,Poplar,0
19,0.61,40,30,30min post,C5,Poplar,0
19,0.121,48,30,30min post,C5,Poplar,0
2,0.655,30,120,30min post,A2,Lomandra,24
2,0.625,40,120,30min post,A2,Lomandra,24
2,0.745,40,5,30min post,A2,Lomandra,24
2,0.728,30,30,30min post,A2,Lomandra,24
2,0.606,40,30,30min post,A2,Lomandra,24
2,0,48,120,30min post,A2,Lomandra,24
2,0.808,30,5,30min post,A2,Lomandra,24
2,0.647,48,5,30min post,A2,Lomandra,24
2,0,48,30,30min post,A2,Lomandra,24
20,0,48,120,30min post,C6,Euc,24
20,0,40,120,30min post,C6,Euc,24
20,0.528,40,30,30min post,C6,Euc,24
20,0.067,48,30,30min post,C6,Euc,24
20,0.765,40,5,30min post,C6,Euc,24
20,0.708,30,30,30min post,C6,Euc,24
20,0.482,48,5,30min post,C6,Euc,24
20,0.644,30,120,30min post,C6,Euc,24
20,0.801,30,5,30min post,C6,Euc,24
21,0.733,30,30,30min post,C7,Poplar,0
21,0.106,48,120,30min post,C7,Poplar,0
21,0.587,48,5,30min post,C7,Poplar,0
21,0.687,30,120,30min post,C7,Poplar,0
21,0.782,40,5,30min post,C7,Poplar,0
21,0.321,48,30,30min post,C7,Poplar,0
21,0.536,40,120,30min post,C7,Poplar,0
21,0.689,40,30,30min post,C7,Poplar,0
21,0.817,30,5,30min post,C7,Poplar,0
22,0,40,120,30min post,D1,Euc,0
22,0.749,30,30,30min post,D1,Euc,0
22,0.732,30,120,30min post,D1,Euc,0
22,0.752,40,5,30min post,D1,Euc,0
22,0,48,120,30min post,D1,Euc,0
22,0.796,30,5,30min post,D1,Euc,0
22,0.522,48,5,30min post,D1,Euc,0
22,0.637,40,30,30min post,D1,Euc,0
22,0,48,30,30min post,D1,Euc,0
23,0,48,120,30min post,D2,Lomandra,12
23,0.566,48,5,30min post,D2,Lomandra,12
23,0.511,40,120,30min post,D2,Lomandra,12
23,0.633,30,30,30min post,D2,Lomandra,12
23,0.594,40,30,30min post,D2,Lomandra,12
23,0.669,40,5,30min post,D2,Lomandra,12
23,0,48,30,30min post,D2,Lomandra,12
23,0.585,30,120,30min post,D2,Lomandra,12
23,0.718,30,5,30min post,D2,Lomandra,12
24,0.556,48,5,30min post,D3,Poplar,24
24,0.333,40,120,30min post,D3,Poplar,24
24,0.726,30,30,30min post,D3,Poplar,24
24,0,48,120,30min post,D3,Poplar,24
24,0.726,40,5,30min post,D3,Poplar,24
24,0.804,30,5,30min post,D3,Poplar,24
24,0.503,40,30,30min post,D3,Poplar,24
24,0.274,48,30,30min post,D3,Poplar,24
24,0.641,30,120,30min post,D3,Poplar,24
25,0.599,30,30,30min post,D4,Lomandra,12
25,0.694,40,5,30min post,D4,Lomandra,12
25,0.468,40,120,30min post,D4,Lomandra,12
25,0.533,48,5,30min post,D4,Lomandra,12
25,0,48,120,30min post,D4,Lomandra,12
25,0.579,40,30,30min post,D4,Lomandra,12
25,0.272,48,30,30min post,D4,Lomandra,12
25,0.744,30,5,30min post,D4,Lomandra,12
25,0.555,30,120,30min post,D4,Lomandra,12
26,0.695,30,30,30min post,D5,Euc,12
26,0,48,120,30min post,D5,Euc,12
26,0.317,40,120,30min post,D5,Euc,12
26,0.491,48,5,30min post,D5,Euc,12
26,0.731,40,5,30min post,D5,Euc,12
26,0.577,30,120,30min post,D5,Euc,12
26,0,48,30,30min post,D5,Euc,12
26,0.587,40,30,30min post,D5,Euc,12
26,0.779,30,5,30min post,D5,Euc,12
27,0.352,40,120,30min post,D6,Poplar,0
27,0.731,30,30,30min post,D6,Poplar,0
27,0,48,120,30min post,D6,Poplar,0
27,0.635,40,30,30min post,D6,Poplar,0
27,0.658,30,120,30min post,D6,Poplar,0
27,0.785,40,5,30min post,D6,Poplar,0
27,0.236,48,30,30min post,D6,Poplar,0
27,0.804,30,5,30min post,D6,Poplar,0
27,0.59,48,5,30min post,D6,Poplar,0
28,0.548,40,30,30min post,D7,Lomandra,24
28,0.468,40,120,30min post,D7,Lomandra,24
28,0.725,30,30,30min post,D7,Lomandra,24
28,0.765,40,5,30min post,D7,Lomandra,24
28,0,48,120,30min post,D7,Lomandra,24
28,0.73,30,5,30min post,D7,Lomandra,24
28,0.408,48,30,30min post,D7,Lomandra,24
28,0.595,30,120,30min post,D7,Lomandra,24
28,0.676,48,5,30min post,D7,Lomandra,24
29,0.446,40,120,30min post,E1,Euc,3
29,0.746,40,5,30min post,E1,Euc,3
29,0,48,120,30min post,E1,Euc,3
29,0.754,30,120,30min post,E1,Euc,3
29,0.187,48,30,30min post,E1,Euc,3
29,0.739,30,30,30min post,E1,Euc,3
29,0.6,40,30,30min post,E1,Euc,3
29,0.488,48,5,30min post,E1,Euc,3
29,0.8,30,5,30min post,E1,Euc,3
3,0.735,30,120,30min post,A3,Euc,12
3,0,48,120,30min post,A3,Euc,12
3,0.471,40,120,30min post,A3,Euc,12
3,0.474,48,5,30min post,A3,Euc,12
3,0,48,30,30min post,A3,Euc,12
3,0.624,40,30,30min post,A3,Euc,12
3,0.813,30,5,30min post,A3,Euc,12
3,0.779,40,5,30min post,A3,Euc,12
3,0.765,30,30,30min post,A3,Euc,12
30,0.687,40,5,30min post,E2,Lomandra,12
30,0.468,40,120,30min post,E2,Lomandra,12
30,0.274,48,30,30min post,E2,Lomandra,12
30,0.61,40,30,30min post,E2,Lomandra,12
30,0.674,30,30,30min post,E2,Lomandra,12
30,0.727,30,5,30min post,E2,Lomandra,12
30,0.549,48,5,30min post,E2,Lomandra,12
30,0,48,120,30min post,E2,Lomandra,12
30,0.602,30,120,30min post,E2,Lomandra,12
31,0.319,48,120,30min post,E3,Lomandra,3
31,0.679,30,30,30min post,E3,Lomandra,3
31,0.579,40,30,30min post,E3,Lomandra,3
31,0.691,40,5,30min post,E3,Lomandra,3
31,0.486,40,120,30min post,E3,Lomandra,3
31,0.607,48,5,30min post,E3,Lomandra,3
31,0.739,30,5,30min post,E3,Lomandra,3
31,0.321,48,30,30min post,E3,Lomandra,3
31,0.711,30,120,30min post,E3,Lomandra,3
32,0.648,30,30,30min post,E4,Lomandra,3
32,0.612,30,120,30min post,E4,Lomandra,3
32,0.629,40,30,30min post,E4,Lomandra,3
32,0,48,120,30min post,E4,Lomandra,3
32,0.728,40,5,30min post,E4,Lomandra,3
32,0.505,40,120,30min post,E4,Lomandra,3
32,0.574,48,5,30min post,E4,Lomandra,3
32,0.758,30,5,30min post,E4,Lomandra,3
32,0.379,48,30,30min post,E4,Lomandra,3
33,0.623,40,5,30min post,E5,Lomandra,24
33,0.632,30,30,30min post,E5,Lomandra,24
33,0.444,40,120,30min post,E5,Lomandra,24
33,0,48,120,30min post,E5,Lomandra,24
33,0.655,30,120,30min post,E5,Lomandra,24
33,0.54,40,30,30min post,E5,Lomandra,24
33,0.632,48,5,30min post,E5,Lomandra,24
33,0.246,48,30,30min post,E5,Lomandra,24
33,0.782,30,5,30min post,E5,Lomandra,24
34,0.69,30,120,30min post,E6,Euc,0
34,0.71,30,30,30min post,E6,Euc,0
34,0,48,120,30min post,E6,Euc,0
34,0.53,48,5,30min post,E6,Euc,0
34,0.703,40,30,30min post,E6,Euc,0
34,0.744,40,5,30min post,E6,Euc,0
34,0.154,48,30,30min post,E6,Euc,0
34,0.793,30,5,30min post,E6,Euc,0
34,0,40,120,30min post,E6,Euc,0
35,0.747,30,120,30min post,E7,Poplar,3
35,0.755,30,30,30min post,E7,Poplar,3
35,0.506,40,120,30min post,E7,Poplar,3
35,0.686,40,30,30min post,E7,Poplar,3
35,0.602,48,5,30min post,E7,Poplar,3
35,0.778,40,5,30min post,E7,Poplar,3
35,0.179,48,120,30min post,E7,Poplar,3
35,0.457,48,30,30min post,E7,Poplar,3
35,0.814,30,5,30min post,E7,Poplar,3
36,0.711,30,120,30min post,F1,Lomandra,0
36,0.693,40,5,30min post,F1,Lomandra,0
36,0.721,30,30,30min post,F1,Lomandra,0
36,0.31,48,120,30min post,F1,Lomandra,0
36,0.714,40,30,30min post,F1,Lomandra,0
36,0.437,48,30,30min post,F1,Lomandra,0
36,0.577,40,120,30min post,F1,Lomandra,0
36,0.641,48,5,30min post,F1,Lomandra,0
36,0.781,30,5,30min post,F1,Lomandra,0
37,0.768,30,30,30min post,F2,Poplar,12
37,0.738,40,5,30min post,F2,Poplar,12
37,0.765,30,120,30min post,F2,Poplar,12
37,0.117,48,120,30min post,F2,Poplar,12
37,0.352,48,30,30min post,F2,Poplar,12
37,0.67,40,30,30min post,F2,Poplar,12
37,0.591,48,5,30min post,F2,Poplar,12
37,0.797,30,5,30min post,F2,Poplar,12
37,0.467,40,120,30min post,F2,Poplar,12
38,0.712,30,30,30min post,F3,Lomandra,3
38,0.742,40,5,30min post,F3,Lomandra,3
38,0.311,48,30,30min post,F3,Lomandra,3
38,0.654,30,120,30min post,F3,Lomandra,3
38,0.642,48,5,30min post,F3,Lomandra,3
38,0.477,40,120,30min post,F3,Lomandra,3
38,0.359,48,120,30min post,F3,Lomandra,3
38,0.767,30,5,30min post,F3,Lomandra,3
38,0.624,40,30,30min post,F3,Lomandra,3
39,0.74,30,30,30min post,F4,Euc,12
39,0.767,40,5,30min post,F4,Euc,12
39,0.104,48,30,30min post,F4,Euc,12
39,0,48,120,30min post,F4,Euc,12
39,0.689,30,120,30min post,F4,Euc,12
39,0.78,30,5,30min post,F4,Euc,12
39,0,40,120,30min post,F4,Euc,12
39,0.389,48,5,30min post,F4,Euc,12
39,0.609,40,30,30min post,F4,Euc,12
4,0.763,40,5,30min post,A4,Poplar,12
4,0.597,40,120,30min post,A4,Poplar,12
4,0.743,30,30,30min post,A4,Poplar,12
4,0.668,40,30,30min post,A4,Poplar,12
4,0,48,120,30min post,A4,Poplar,12
4,0.819,30,5,30min post,A4,Poplar,12
4,0.606,48,5,30min post,A4,Poplar,12
4,0.219,48,30,30min post,A4,Poplar,12
4,0.706,30,120,30min post,A4,Poplar,12
40,0.161,48,30,30min post,F5,Poplar,3
40,0.076,48,120,30min post,F5,Poplar,3
40,0.767,30,30,30min post,F5,Poplar,3
40,0.769,40,5,30min post,F5,Poplar,3
40,0.801,30,5,30min post,F5,Poplar,3
40,0.529,40,120,30min post,F5,Poplar,3
40,0.722,30,120,30min post,F5,Poplar,3
40,0.602,48,5,30min post,F5,Poplar,3
40,0.678,40,30,30min post,F5,Poplar,3
41,0.11,48,120,30min post,F6,Poplar,0
41,0.749,30,30,30min post,F6,Poplar,0
41,0.594,48,5,30min post,F6,Poplar,0
41,0.419,48,30,30min post,F6,Poplar,0
41,0.377,40,120,30min post,F6,Poplar,0
41,0.724,30,120,30min post,F6,Poplar,0
41,0.813,30,5,30min post,F6,Poplar,0
41,0.789,40,5,30min post,F6,Poplar,0
41,0.708,40,30,30min post,F6,Poplar,0
42,0.252,48,30,30min post,F7,Euc,24
42,0.78,40,5,30min post,F7,Euc,24
42,0,48,120,30min post,F7,Euc,24
42,0.759,30,30,30min post,F7,Euc,24
42,0,40,120,30min post,F7,Euc,24
42,0.805,30,5,30min post,F7,Euc,24
42,0.7,30,120,30min post,F7,Euc,24
42,0.67,40,30,30min post,F7,Euc,24
42,0.585,48,5,30min post,F7,Euc,24
43,0.771,30,120,30min post,G1,Lomandra,0
43,0.379,48,120,30min post,G1,Lomandra,0
43,0.41,48,30,30min post,G1,Lomandra,0
43,0.707,40,5,30min post,G1,Lomandra,0
43,0.647,48,5,30min post,G1,Lomandra,0
43,0.701,40,30,30min post,G1,Lomandra,0
43,0.76,30,30,30min post,G1,Lomandra,0
43,0.783,30,5,30min post,G1,Lomandra,0
43,0.613,40,120,30min post,G1,Lomandra,0
44,0.742,30,120,30min post,G2,Euc,3
44,0,48,120,30min post,G2,Euc,3
44,0,48,30,30min post,G2,Euc,3
44,0.788,30,5,30min post,G2,Euc,3
44,0.76,30,30,30min post,G2,Euc,3
44,0.508,40,120,30min post,G2,Euc,3
44,0.538,48,5,30min post,G2,Euc,3
44,0.674,40,30,30min post,G2,Euc,3
44,0.749,40,5,30min post,G2,Euc,3
45,0.773,30,5,30min post,G3,Euc,0
45,0.508,48,5,30min post,G3,Euc,0
45,0.743,30,120,30min post,G3,Euc,0
45,0.765,30,30,30min post,G3,Euc,0
45,0.733,40,30,30min post,G3,Euc,0
45,0.748,40,5,30min post,G3,Euc,0
45,0.438,40,120,30min post,G3,Euc,0
45,0,48,120,30min post,G3,Euc,0
45,0.295,48,30,30min post,G3,Euc,0
46,0.344,48,30,30min post,G4,Poplar,24
46,0.757,30,30,30min post,G4,Poplar,24
46,0,48,120,30min post,G4,Poplar,24
46,0.698,40,30,30min post,G4,Poplar,24
46,0.71,30,120,30min post,G4,Poplar,24
46,0.309,40,120,30min post,G4,Poplar,24
46,0.621,48,5,30min post,G4,Poplar,24
46,0.787,30,5,30min post,G4,Poplar,24
46,0.709,40,5,30min post,G4,Poplar,24
47,0.753,30,30,30min post,G5,Poplar,12
47,0.801,30,5,30min post,G5,Poplar,12
47,0.674,30,120,30min post,G5,Poplar,12
47,0.699,40,30,30min post,G5,Poplar,12
47,0.759,40,5,30min post,G5,Poplar,12
47,0.477,40,120,30min post,G5,Poplar,12
47,0,48,120,30min post,G5,Poplar,12
47,0.679,48,5,30min post,G5,Poplar,12
47,0.363,48,30,30min post,G5,Poplar,12
48,0.747,30,30,30min post,G6,Lomandra,24
48,0.66,40,30,30min post,G6,Lomandra,24
48,0.627,30,120,30min post,G6,Lomandra,24
48,0.756,40,5,30min post,G6,Lomandra,24
48,0,48,120,30min post,G6,Lomandra,24
48,0.39,48,30,30min post,G6,Lomandra,24
48,0.69,48,5,30min post,G6,Lomandra,24
48,0.775,30,5,30min post,G6,Lomandra,24
48,0.451,40,120,30min post,G6,Lomandra,24
5,0,40,120,30min post,A5,Euc,3
5,0,48,120,30min post,A5,Euc,3
5,0.742,30,120,30min post,A5,Euc,3
5,0.784,40,5,30min post,A5,Euc,3
5,0.809,30,5,30min post,A5,Euc,3
5,0,48,30,30min post,A5,Euc,3
5,0.746,30,30,30min post,A5,Euc,3
5,0.6,40,30,30min post,A5,Euc,3
5,0.55,48,5,30min post,A5,Euc,3
6,0.783,40,5,30min post,A6,Poplar,3
6,0.761,30,30,30min post,A6,Poplar,3
6,0,48,120,30min post,A6,Poplar,3
6,0.735,30,120,30min post,A6,Poplar,3
6,0.377,48,30,30min post,A6,Poplar,3
6,0.588,40,120,30min post,A6,Poplar,3
6,0.665,40,30,30min post,A6,Poplar,3
6,0.667,48,5,30min post,A6,Poplar,3
6,0.813,30,5,30min post,A6,Poplar,3
7,0.739,30,120,30min post,A7,Poplar,12
7,0.642,40,120,30min post,A7,Poplar,12
7,0.737,40,30,30min post,A7,Poplar,12
7,0.644,48,5,30min post,A7,Poplar,12
7,0.778,40,5,30min post,A7,Poplar,12
7,0.451,48,30,30min post,A7,Poplar,12
7,0,48,120,30min post,A7,Poplar,12
7,0.761,30,30,30min post,A7,Poplar,12
7,0.812,30,5,30min post,A7,Poplar,12
8,0.548,48,5,30min post,B1,Euc,24
8,0.755,40,5,30min post,B1,Euc,24
8,0.608,40,30,30min post,B1,Euc,24
8,0,40,120,30min post,B1,Euc,24
8,0.762,30,30,30min post,B1,Euc,24
8,0.814,30,5,30min post,B1,Euc,24
8,0,48,30,30min post,B1,Euc,24
8,0,48,120,30min post,B1,Euc,24
8,0.752,30,120,30min post,B1,Euc,24
9,0,48,30,30min post,B2,Euc,24
9,0.627,40,30,30min post,B2,Euc,24
9,0,48,120,30min post,B2,Euc,24
9,0.695,30,120,30min post,B2,Euc,24
9,0.483,48,5,30min post,B2,Euc,24
9,0.743,30,30,30min post,B2,Euc,24
9,0.767,40,5,30min post,B2,Euc,24
9,0,40,120,30min post,B2,Euc,24
9,0.796,30,5,30min post,B2,Euc,24
1,0,48,120,7hour_post,A1,Poplar,24
1,0.83,40,30,7hour_post,A1,Poplar,24
1,0.817,40,5,7hour_post,A1,Poplar,24
1,0.792,30,120,7hour_post,A1,Poplar,24
1,0.694,48,5,7hour_post,A1,Poplar,24
1,0.649,40,120,7hour_post,A1,Poplar,24
1,0.82,30,30,7hour_post,A1,Poplar,24
1,0.557,48,30,7hour_post,A1,Poplar,24
1,0.819,30,5,7hour_post,A1,Poplar,24
10,0.167,48,120,7hour_post,B3,Poplar,3
10,0.812,30,30,7hour_post,B3,Poplar,3
10,0.813,40,30,7hour_post,B3,Poplar,3
10,0.778,30,120,7hour_post,B3,Poplar,3
10,0.831,40,5,7hour_post,B3,Poplar,3
10,0.821,30,5,7hour_post,B3,Poplar,3
10,0.667,40,120,7hour_post,B3,Poplar,3
10,0.214,48,30,7hour_post,B3,Poplar,3
10,0.612,48,5,7hour_post,B3,Poplar,3
11,0.716,30,120,7hour_post,B4,Euc,12
11,0.111,48,120,7hour_post,B4,Euc,12
11,0.74,40,30,7hour_post,B4,Euc,12
11,0.781,40,5,7hour_post,B4,Euc,12
11,0.208,48,30,7hour_post,B4,Euc,12
11,0.421,40,120,7hour_post,B4,Euc,12
11,0.446,48,5,7hour_post,B4,Euc,12
11,0.772,30,30,7hour_post,B4,Euc,12
11,0.802,30,5,7hour_post,B4,Euc,12
12,0.798,40,30,7hour_post,B5,Lomandra,0
12,0.79,40,5,7hour_post,B5,Lomandra,0
12,0,48,120,7hour_post,B5,Lomandra,0
12,0.708,30,120,7hour_post,B5,Lomandra,0
12,0.409,48,30,7hour_post,B5,Lomandra,0
12,0.734,30,30,7hour_post,B5,Lomandra,0
12,0.559,40,120,7hour_post,B5,Lomandra,0
12,0.784,30,5,7hour_post,B5,Lomandra,0
12,0.702,48,5,7hour_post,B5,Lomandra,0
13,0.742,30,120,7hour_post,B6,Lomandra,3
13,0.383,48,120,7hour_post,B6,Lomandra,3
13,0.786,40,30,7hour_post,B6,Lomandra,3
13,0.781,40,5,7hour_post,B6,Lomandra,3
13,0.728,30,30,7hour_post,B6,Lomandra,3
13,0.543,48,30,7hour_post,B6,Lomandra,3
13,0.783,30,5,7hour_post,B6,Lomandra,3
13,0.667,40,120,7hour_post,B6,Lomandra,3
13,0.724,48,5,7hour_post,B6,Lomandra,3
14,0.823,40,30,7hour_post,B7,Lomandra,0
14,0.813,40,5,7hour_post,B7,Lomandra,0
14,0.714,30,120,7hour_post,B7,Lomandra,0
14,0.402,48,120,7hour_post,B7,Lomandra,0
14,0.803,30,30,7hour_post,B7,Lomandra,0
14,0.76,48,5,7hour_post,B7,Lomandra,0
14,0.573,40,120,7hour_post,B7,Lomandra,0
14,0.638,48,30,7hour_post,B7,Lomandra,0
14,0.751,30,5,7hour_post,B7,Lomandra,0
15,0.832,40,30,7hour_post,C1,Poplar,24
15,0.831,30,30,7hour_post,C1,Poplar,24
15,0.495,40,120,7hour_post,C1,Poplar,24
15,0.456,48,30,7hour_post,C1,Poplar,24
15,0.809,40,5,7hour_post,C1,Poplar,24
15,0.826,30,5,7hour_post,C1,Poplar,24
15,0.805,30,120,7hour_post,C1,Poplar,24
15,0.688,48,5,7hour_post,C1,Poplar,24
15,0,48,120,7hour_post,C1,Poplar,24
16,0.759,40,30,7hour_post,C2,Euc,3
16,0.799,40,5,7hour_post,C2,Euc,3
16,0.766,30,30,7hour_post,C2,Euc,3
16,0.498,48,5,7hour_post,C2,Euc,3
16,0,48,30,7hour_post,C2,Euc,3
16,0.096,48,120,7hour_post,C2,Euc,3
16,0,40,120,7hour_post,C2,Euc,3
16,0.773,30,120,7hour_post,C2,Euc,3
16,0.798,30,5,7hour_post,C2,Euc,3
17,0.744,40,5,7hour_post,C3,Lomandra,12
17,0.389,48,30,7hour_post,C3,Lomandra,12
17,0.748,30,5,7hour_post,C3,Lomandra,12
17,0.711,30,30,7hour_post,C3,Lomandra,12
17,0,48,120,7hour_post,C3,Lomandra,12
17,0.724,40,30,7hour_post,C3,Lomandra,12
17,0.64,30,120,7hour_post,C3,Lomandra,12
17,0.628,40,120,7hour_post,C3,Lomandra,12
17,0.687,48,5,7hour_post,C3,Lomandra,12
18,0,48,30,7hour_post,C4,Euc,0
18,0,48,120,7hour_post,C4,Euc,0
18,0.724,30,120,7hour_post,C4,Euc,0
18,0.744,30,30,7hour_post,C4,Euc,0
18,0.548,40,120,7hour_post,C4,Euc,0
18,0.447,48,5,7hour_post,C4,Euc,0
18,0.747,40,30,7hour_post,C4,Euc,0
18,0.787,40,5,7hour_post,C4,Euc,0
18,0.785,30,5,7hour_post,C4,Euc,0
19,0.811,40,30,7hour_post,C5,Poplar,0
19,0.698,30,120,7hour_post,C5,Poplar,0
19,0.794,30,30,7hour_post,C5,Poplar,0
19,0.817,40,5,7hour_post,C5,Poplar,0
19,0.593,40,120,7hour_post,C5,Poplar,0
19,0.151,48,120,7hour_post,C5,Poplar,0
19,0.632,48,5,7hour_post,C5,Poplar,0
19,0.804,30,5,7hour_post,C5,Poplar,0
19,0.26,48,30,7hour_post,C5,Poplar,0
2,0.772,40,30,7hour_post,A2,Lomandra,24
2,0.7,30,120,7hour_post,A2,Lomandra,24
2,0.798,30,5,7hour_post,A2,Lomandra,24
2,0.509,48,120,7hour_post,A2,Lomandra,24
2,0.633,40,120,7hour_post,A2,Lomandra,24
2,0.79,30,30,7hour_post,A2,Lomandra,24
2,0.793,40,5,7hour_post,A2,Lomandra,24
2,0.472,48,30,7hour_post,A2,Lomandra,24
2,0.701,48,5,7hour_post,A2,Lomandra,24
20,0.181,48,30,7hour_post,C6,Euc,24
20,0,40,120,7hour_post,C6,Euc,24
20,0.791,40,5,7hour_post,C6,Euc,24
20,0.752,40,30,7hour_post,C6,Euc,24
20,0.7,30,120,7hour_post,C6,Euc,24
20,0.784,30,30,7hour_post,C6,Euc,24
20,0,48,120,7hour_post,C6,Euc,24
20,0.455,48,5,7hour_post,C6,Euc,24
20,0.78,30,5,7hour_post,C6,Euc,24
21,0.461,48,30,7hour_post,C7,Poplar,0
21,0.802,30,30,7hour_post,C7,Poplar,0
21,0.747,30,120,7hour_post,C7,Poplar,0
21,0.185,48,120,7hour_post,C7,Poplar,0
21,0.65,48,5,7hour_post,C7,Poplar,0
21,0.81,30,5,7hour_post,C7,Poplar,0
21,0.635,40,120,7hour_post,C7,Poplar,0
21,0.823,40,5,7hour_post,C7,Poplar,0
21,0.811,40,30,7hour_post,C7,Poplar,0
22,0.774,30,120,7hour_post,D1,Euc,0
22,0.778,30,30,7hour_post,D1,Euc,0
22,0.786,40,30,7hour_post,D1,Euc,0
22,0.786,40,5,7hour_post,D1,Euc,0
22,0.427,40,120,7hour_post,D1,Euc,0
22,0.782,30,5,7hour_post,D1,Euc,0
22,0,48,120,7hour_post,D1,Euc,0
22,0,48,30,7hour_post,D1,Euc,0
22,0.507,48,5,7hour_post,D1,Euc,0
23,0.752,30,30,7hour_post,D2,Lomandra,12
23,0.724,40,30,7hour_post,D2,Lomandra,12
23,0.469,48,30,7hour_post,D2,Lomandra,12
23,0.725,40,5,7hour_post,D2,Lomandra,12
23,0.74,30,120,7hour_post,D2,Lomandra,12
23,0,48,120,7hour_post,D2,Lomandra,12
23,0.711,48,5,7hour_post,D2,Lomandra,12
23,0.764,30,5,7hour_post,D2,Lomandra,12
23,0.524,40,120,7hour_post,D2,Lomandra,12
24,0.792,40,30,7hour_post,D3,Poplar,24
24,0.786,30,30,7hour_post,D3,Poplar,24
24,0,48,120,7hour_post,D3,Poplar,24
24,0.346,48,30,7hour_post,D3,Poplar,24
24,0.797,40,5,7hour_post,D3,Poplar,24
24,0.416,40,120,7hour_post,D3,Poplar,24
24,0.608,48,5,7hour_post,D3,Poplar,24
24,0.811,30,5,7hour_post,D3,Poplar,24
24,0.741,30,120,7hour_post,D3,Poplar,24
25,0.689,30,30,7hour_post,D4,Lomandra,12
25,0.728,40,30,7hour_post,D4,Lomandra,12
25,0.754,40,5,7hour_post,D4,Lomandra,12
25,0.549,40,120,7hour_post,D4,Lomandra,12
25,0.5,48,30,7hour_post,D4,Lomandra,12
25,0.753,30,5,7hour_post,D4,Lomandra,12
25,0.635,30,120,7hour_post,D4,Lomandra,12
25,0,48,120,7hour_post,D4,Lomandra,12
25,0.671,48,5,7hour_post,D4,Lomandra,12
26,0.77,40,30,7hour_post,D5,Euc,12
26,0.171,48,30,7hour_post,D5,Euc,12
26,0.804,40,5,7hour_post,D5,Euc,12
26,0.452,40,120,7hour_post,D5,Euc,12
26,0.081,48,120,7hour_post,D5,Euc,12
26,0.681,30,120,7hour_post,D5,Euc,12
26,0.787,30,5,7hour_post,D5,Euc,12
26,0.709,30,30,7hour_post,D5,Euc,12
26,0.474,48,5,7hour_post,D5,Euc,12
27,0.65,48,5,7hour_post,D6,Poplar,0
27,0.806,30,30,7hour_post,D6,Poplar,0
27,0.785,40,30,7hour_post,D6,Poplar,0
27,0.12,48,120,7hour_post,D6,Poplar,0
27,0.465,40,120,7hour_post,D6,Poplar,0
27,0.392,48,30,7hour_post,D6,Poplar,0
27,0.819,40,5,7hour_post,D6,Poplar,0
27,0.722,30,120,7hour_post,D6,Poplar,0
27,0.81,30,5,7hour_post,D6,Poplar,0
28,0.749,48,5,7hour_post,D7,Lomandra,24
28,0.777,30,5,7hour_post,D7,Lomandra,24
28,0.807,40,30,7hour_post,D7,Lomandra,24
28,0,48,120,7hour_post,D7,Lomandra,24
28,0.489,40,120,7hour_post,D7,Lomandra,24
28,0.811,40,5,7hour_post,D7,Lomandra,24
28,0.797,30,30,7hour_post,D7,Lomandra,24
28,0.528,48,30,7hour_post,D7,Lomandra,24
28,0.693,30,120,7hour_post,D7,Lomandra,24
29,0,48,120,7hour_post,E1,Euc,3
29,0.486,40,120,7hour_post,E1,Euc,3
29,0.481,48,5,7hour_post,E1,Euc,3
29,0.2,48,30,7hour_post,E1,Euc,3
29,0.783,30,30,7hour_post,E1,Euc,3
29,0.754,40,30,7hour_post,E1,Euc,3
29,0.796,30,120,7hour_post,E1,Euc,3
29,0.778,30,5,7hour_post,E1,Euc,3
29,0.794,40,5,7hour_post,E1,Euc,3
3,0.77,40,30,7hour_post,A3,Euc,12
3,0,48,120,7hour_post,A3,Euc,12
3,0.814,40,5,7hour_post,A3,Euc,12
3,0,48,30,7hour_post,A3,Euc,12
3,0.437,48,5,7hour_post,A3,Euc,12
3,0.781,30,120,7hour_post,A3,Euc,12
3,0.496,40,120,7hour_post,A3,Euc,12
3,0.819,30,30,7hour_post,A3,Euc,12
3,0.755,30,5,7hour_post,A3,Euc,12
30,0.711,40,30,7hour_post,E2,Lomandra,12
30,0.691,48,5,7hour_post,E2,Lomandra,12
30,0.762,30,30,7hour_post,E2,Lomandra,12
30,0.685,30,120,7hour_post,E2,Lomandra,12
30,0,48,120,7hour_post,E2,Lomandra,12
30,0.489,40,120,7hour_post,E2,Lomandra,12
30,0.762,30,5,7hour_post,E2,Lomandra,12
30,0.742,40,5,7hour_post,E2,Lomandra,12
30,0.378,48,30,7hour_post,E2,Lomandra,12
31,0.451,48,120,7hour_post,E3,Lomandra,3
31,0.751,40,30,7hour_post,E3,Lomandra,3
31,0.717,48,5,7hour_post,E3,Lomandra,3
31,0.748,30,30,7hour_post,E3,Lomandra,3
31,0.755,40,5,7hour_post,E3,Lomandra,3
31,0.767,30,120,7hour_post,E3,Lomandra,3
31,0.514,40,120,7hour_post,E3,Lomandra,3
31,0.755,30,5,7hour_post,E3,Lomandra,3
31,0.549,48,30,7hour_post,E3,Lomandra,3
32,0.755,40,30,7hour_post,E4,Lomandra,3
32,0.702,30,120,7hour_post,E4,Lomandra,3
32,0,48,120,7hour_post,E4,Lomandra,3
32,0.578,40,120,7hour_post,E4,Lomandra,3
32,0.731,30,30,7hour_post,E4,Lomandra,3
32,0.767,40,5,7hour_post,E4,Lomandra,3
32,0.71,48,5,7hour_post,E4,Lomandra,3
32,0.541,48,30,7hour_post,E4,Lomandra,3
32,0.774,30,5,7hour_post,E4,Lomandra,3
33,0.798,40,30,7hour_post,E5,Lomandra,24
33,0.767,40,5,7hour_post,E5,Lomandra,24
33,0.616,40,120,7hour_post,E5,Lomandra,24
33,0.739,30,120,7hour_post,E5,Lomandra,24
33,0.775,30,5,7hour_post,E5,Lomandra,24
33,0.732,30,30,7hour_post,E5,Lomandra,24
33,0,48,120,7hour_post,E5,Lomandra,24
33,0.661,48,5,7hour_post,E5,Lomandra,24
33,0.4,48,30,7hour_post,E5,Lomandra,24
34,0.79,40,5,7hour_post,E6,Euc,0
34,0.808,40,30,7hour_post,E6,Euc,0
34,0,48,120,7hour_post,E6,Euc,0
34,0.252,48,30,7hour_post,E6,Euc,0
34,0.444,40,120,7hour_post,E6,Euc,0
34,0.777,30,30,7hour_post,E6,Euc,0
34,0.722,30,120,7hour_post,E6,Euc,0
34,0.55,48,5,7hour_post,E6,Euc,0
34,0.798,30,5,7hour_post,E6,Euc,0
35,0.835,40,5,7hour_post,E7,Poplar,3
35,0.848,40,30,7hour_post,E7,Poplar,3
35,0.275,48,120,7hour_post,E7,Poplar,3
35,0.638,48,5,7hour_post,E7,Poplar,3
35,0.803,30,120,7hour_post,E7,Poplar,3
35,0.817,30,5,7hour_post,E7,Poplar,3
35,0.639,40,120,7hour_post,E7,Poplar,3
35,0.532,48,30,7hour_post,E7,Poplar,3
35,0.828,30,30,7hour_post,E7,Poplar,3
36,0.731,48,5,7hour_post,F1,Lomandra,0
36,0.811,40,30,7hour_post,F1,Lomandra,0
36,0,48,120,7hour_post,F1,Lomandra,0
36,0.762,40,5,7hour_post,F1,Lomandra,0
36,0.674,48,30,7hour_post,F1,Lomandra,0
36,0.771,30,30,7hour_post,F1,Lomandra,0
36,0.746,30,120,7hour_post,F1,Lomandra,0
36,0.773,30,5,7hour_post,F1,Lomandra,0
36,0.567,40,120,7hour_post,F1,Lomandra,0
37,0.812,40,5,7hour_post,F2,Poplar,12
37,0.644,48,5,7hour_post,F2,Poplar,12
37,0.814,40,30,7hour_post,F2,Poplar,12
37,0.209,48,120,7hour_post,F2,Poplar,12
37,0.803,30,120,7hour_post,F2,Poplar,12
37,0.436,48,30,7hour_post,F2,Poplar,12
37,0.586,40,120,7hour_post,F2,Poplar,12
37,0.802,30,30,7hour_post,F2,Poplar,12
37,0.8,30,5,7hour_post,F2,Poplar,12
38,0.714,30,120,7hour_post,F3,Lomandra,3
38,0.72,48,5,7hour_post,F3,Lomandra,3
38,0.394,48,120,7hour_post,F3,Lomandra,3
38,0.788,40,5,7hour_post,F3,Lomandra,3
38,0.791,30,30,7hour_post,F3,Lomandra,3
38,0.784,40,30,7hour_post,F3,Lomandra,3
38,0.787,30,5,7hour_post,F3,Lomandra,3
38,0.599,48,30,7hour_post,F3,Lomandra,3
38,0.578,40,120,7hour_post,F3,Lomandra,3
39,0.774,30,120,7hour_post,F4,Euc,12
39,0,48,120,7hour_post,F4,Euc,12
39,0.763,30,5,7hour_post,F4,Euc,12
39,0.394,40,120,7hour_post,F4,Euc,12
39,0.371,48,5,7hour_post,F4,Euc,12
39,0.782,40,5,7hour_post,F4,Euc,12
39,0.756,30,30,7hour_post,F4,Euc,12
39,0.774,40,30,7hour_post,F4,Euc,12
39,0.182,48,30,7hour_post,F4,Euc,12
4,0.202,48,120,7hour_post,A4,Poplar,12
4,0.811,40,5,7hour_post,A4,Poplar,12
4,0.651,48,5,7hour_post,A4,Poplar,12
4,0.818,40,30,7hour_post,A4,Poplar,12
4,0.335,48,30,7hour_post,A4,Poplar,12
4,0.677,40,120,7hour_post,A4,Poplar,12
4,0.807,30,30,7hour_post,A4,Poplar,12
4,0.784,30,120,7hour_post,A4,Poplar,12
4,0.822,30,5,7hour_post,A4,Poplar,12
40,0.799,30,120,7hour_post,F5,Poplar,3
40,0.08,48,120,7hour_post,F5,Poplar,3
40,0.828,30,30,7hour_post,F5,Poplar,3
40,0.844,40,30,7hour_post,F5,Poplar,3
40,0.821,30,5,7hour_post,F5,Poplar,3
40,0.825,40,5,7hour_post,F5,Poplar,3
40,0.644,40,120,7hour_post,F5,Poplar,3
40,0.633,48,5,7hour_post,F5,Poplar,3
40,0.293,48,30,7hour_post,F5,Poplar,3
41,0.781,30,120,7hour_post,F6,Poplar,0
41,0.816,30,30,7hour_post,F6,Poplar,0
41,0.117,48,120,7hour_post,F6,Poplar,0
41,0.815,30,5,7hour_post,F6,Poplar,0
41,0.638,48,5,7hour_post,F6,Poplar,0
41,0.835,40,30,7hour_post,F6,Poplar,0
41,0.825,40,5,7hour_post,F6,Poplar,0
41,0.482,48,30,7hour_post,F6,Poplar,0
41,0.428,40,120,7hour_post,F6,Poplar,0
42,0.781,30,120,7hour_post,F7,Euc,24
42,0.818,30,30,7hour_post,F7,Euc,24
42,0,48,120,7hour_post,F7,Euc,24
42,0.816,40,5,7hour_post,F7,Euc,24
42,0.266,48,30,7hour_post,F7,Euc,24
42,0.785,40,30,7hour_post,F7,Euc,24
42,0.806,30,5,7hour_post,F7,Euc,24
42,0.574,48,5,7hour_post,F7,Euc,24
42,0,40,120,7hour_post,F7,Euc,24
43,0.772,40,5,7hour_post,G1,Lomandra,0
43,0.791,40,30,7hour_post,G1,Lomandra,0
43,0.424,48,120,7hour_post,G1,Lomandra,0
43,0.792,30,120,7hour_post,G1,Lomandra,0
43,0.793,30,30,7hour_post,G1,Lomandra,0
43,0.729,48,5,7hour_post,G1,Lomandra,0
43,0.788,30,5,7hour_post,G1,Lomandra,0
43,0.517,48,30,7hour_post,G1,Lomandra,0
43,0.647,40,120,7hour_post,G1,Lomandra,0
44,0.779,30,120,7hour_post,G2,Euc,3
44,0.792,30,30,7hour_post,G2,Euc,3
44,0.785,40,30,7hour_post,G2,Euc,3
44,0,48,120,7hour_post,G2,Euc,3
44,0.789,40,5,7hour_post,G2,Euc,3
44,0.601,40,120,7hour_post,G2,Euc,3
44,0.794,30,5,7hour_post,G2,Euc,3
44,0.52,48,5,7hour_post,G2,Euc,3
44,0.214,48,30,7hour_post,G2,Euc,3
45,0.782,30,30,7hour_post,G3,Euc,0
45,0.765,30,120,7hour_post,G3,Euc,0
45,0.782,30,5,7hour_post,G3,Euc,0
45,0.796,40,5,7hour_post,G3,Euc,0
45,0.078,48,120,7hour_post,G3,Euc,0
45,0.801,40,30,7hour_post,G3,Euc,0
45,0.267,48,30,7hour_post,G3,Euc,0
45,0.459,40,120,7hour_post,G3,Euc,0
45,0.415,48,5,7hour_post,G3,Euc,0
46,0.83,40,30,7hour_post,G4,Poplar,24
46,0.404,48,30,7hour_post,G4,Poplar,24
46,0.82,40,5,7hour_post,G4,Poplar,24
46,0.242,48,120,7hour_post,G4,Poplar,24
46,0.661,48,5,7hour_post,G4,Poplar,24
46,0.776,30,120,7hour_post,G4,Poplar,24
46,0.811,30,5,7hour_post,G4,Poplar,24
46,0.81,30,30,7hour_post,G4,Poplar,24
46,0.366,40,120,7hour_post,G4,Poplar,24
47,0.69,48,5,7hour_post,G5,Poplar,12
47,0.748,30,120,7hour_post,G5,Poplar,12
47,0.811,30,5,7hour_post,G5,Poplar,12
47,0.815,40,5,7hour_post,G5,Poplar,12
47,0.82,30,30,7hour_post,G5,Poplar,12
47,0,48,120,7hour_post,G5,Poplar,12
47,0.473,48,30,7hour_post,G5,Poplar,12
47,0.828,40,30,7hour_post,G5,Poplar,12
47,0.597,40,120,7hour_post,G5,Poplar,12
48,0.374,48,120,7hour_post,G6,Lomandra,24
48,0.735,48,5,7hour_post,G6,Lomandra,24
48,0.741,30,120,7hour_post,G6,Lomandra,24
48,0.56,48,30,7hour_post,G6,Lomandra,24
48,0.798,40,5,7hour_post,G6,Lomandra,24
48,0.473,40,120,7hour_post,G6,Lomandra,24
48,0.807,30,30,7hour_post,G6,Lomandra,24
48,0.801,40,30,7hour_post,G6,Lomandra,24
48,0.78,30,5,7hour_post,G6,Lomandra,24
5,0,48,120,7hour_post,A5,Euc,3
5,0.831,40,5,7hour_post,A5,Euc,3
5,0.792,40,30,7hour_post,A5,Euc,3
5,0,40,120,7hour_post,A5,Euc,3
5,0,48,30,7hour_post,A5,Euc,3
5,0.508,48,5,7hour_post,A5,Euc,3
5,0.813,30,30,7hour_post,A5,Euc,3
5,0.792,30,120,7hour_post,A5,Euc,3
5,0.802,30,5,7hour_post,A5,Euc,3
6,0.84,40,30,7hour_post,A6,Poplar,3
6,0.459,48,30,7hour_post,A6,Poplar,3
6,0.131,48,120,7hour_post,A6,Poplar,3
6,0.833,40,5,7hour_post,A6,Poplar,3
6,0.687,48,5,7hour_post,A6,Poplar,3
6,0.817,30,30,7hour_post,A6,Poplar,3
6,0.811,30,5,7hour_post,A6,Poplar,3
6,0.784,30,120,7hour_post,A6,Poplar,3
6,0.698,40,120,7hour_post,A6,Poplar,3
7,0.387,48,120,7hour_post,A7,Poplar,12
7,0.83,40,5,7hour_post,A7,Poplar,12
7,0.827,40,30,7hour_post,A7,Poplar,12
7,0.671,48,5,7hour_post,A7,Poplar,12
7,0.799,30,120,7hour_post,A7,Poplar,12
7,0.811,30,5,7hour_post,A7,Poplar,12
7,0.551,48,30,7hour_post,A7,Poplar,12
7,0.705,40,120,7hour_post,A7,Poplar,12
7,0.826,30,30,7hour_post,A7,Poplar,12
8,0.798,40,5,7hour_post,B1,Euc,24
8,0.775,40,30,7hour_post,B1,Euc,24
8,0,48,30,7hour_post,B1,Euc,24
8,0.809,30,30,7hour_post,B1,Euc,24
8,0.533,48,5,7hour_post,B1,Euc,24
8,0.8,30,120,7hour_post,B1,Euc,24
8,0,48,120,7hour_post,B1,Euc,24
8,0.78,30,5,7hour_post,B1,Euc,24
8,0,40,120,7hour_post,B1,Euc,24
9,0.76,40,5,7hour_post,B2,Euc,24
9,0.744,40,30,7hour_post,B2,Euc,24
9,0.474,48,5,7hour_post,B2,Euc,24
9,0,48,120,7hour_post,B2,Euc,24
9,0.729,30,120,7hour_post,B2,Euc,24
9,0.807,30,5,7hour_post,B2,Euc,24
9,0,48,30,7hour_post,B2,Euc,24
9,0.7,30,30,7hour_post,B2,Euc,24
9,0,40,120,7hour_post,B2,Euc,24
1,0.827,48,5,initial,A1,Poplar,24
1,0.825,48,120,initial,A1,Poplar,24
1,0.788,30,5,initial,A1,Poplar,24
1,0.814,40,5,initial,A1,Poplar,24
1,0.821,40,120,initial,A1,Poplar,24
1,0.796,40,30,initial,A1,Poplar,24
1,0.822,48,30,initial,A1,Poplar,24
1,0.788,30,30,initial,A1,Poplar,24
1,0.835,30,120,initial,A1,Poplar,24
10,0.818,40,30,initial,B3,Poplar,3
10,0.812,30,30,initial,B3,Poplar,3
10,0.844,48,120,initial,B3,Poplar,3
10,0.831,30,120,initial,B3,Poplar,3
10,0.838,40,5,initial,B3,Poplar,3
10,0.816,30,5,initial,B3,Poplar,3
10,0.851,48,5,initial,B3,Poplar,3
10,0.834,40,120,initial,B3,Poplar,3
10,0.839,48,30,initial,B3,Poplar,3
11,0.817,40,5,initial,B4,Euc,12
11,0.819,40,120,initial,B4,Euc,12
11,0.82,40,30,initial,B4,Euc,12
11,0.839,48,120,initial,B4,Euc,12
11,0.821,30,5,initial,B4,Euc,12
11,0.831,30,120,initial,B4,Euc,12
11,0.81,30,30,initial,B4,Euc,12
11,0.848,48,5,initial,B4,Euc,12
11,0.837,48,30,initial,B4,Euc,12
12,0.783,40,30,initial,B5,Lomandra,0
12,0.816,30,120,initial,B5,Lomandra,0
12,0.748,30,30,initial,B5,Lomandra,0
12,0.773,48,5,initial,B5,Lomandra,0
12,0.794,48,120,initial,B5,Lomandra,0
12,0.778,30,5,initial,B5,Lomandra,0
12,0.795,40,5,initial,B5,Lomandra,0
12,0.804,48,30,initial,B5,Lomandra,0
12,0.803,40,120,initial,B5,Lomandra,0
13,0.783,40,5,initial,B6,Lomandra,3
13,0.779,40,30,initial,B6,Lomandra,3
13,0.806,30,120,initial,B6,Lomandra,3
13,0.759,30,30,initial,B6,Lomandra,3
13,0.795,48,120,initial,B6,Lomandra,3
13,0.782,30,5,initial,B6,Lomandra,3
13,0.791,48,30,initial,B6,Lomandra,3
13,0.809,48,5,initial,B6,Lomandra,3
13,0.788,40,120,initial,B6,Lomandra,3
14,0.817,30,120,initial,B7,Lomandra,0
14,0.79,40,30,initial,B7,Lomandra,0
14,0.8,40,5,initial,B7,Lomandra,0
14,0.77,30,5,initial,B7,Lomandra,0
14,0.808,48,30,initial,B7,Lomandra,0
14,0.796,40,120,initial,B7,Lomandra,0
14,0.816,48,120,initial,B7,Lomandra,0
14,0.824,48,5,initial,B7,Lomandra,0
14,0.784,30,30,initial,B7,Lomandra,0
15,0.813,30,5,initial,C1,Poplar,24
15,0.796,30,30,initial,C1,Poplar,24
15,0.811,40,5,initial,C1,Poplar,24
15,0.804,48,120,initial,C1,Poplar,24
15,0.814,48,30,initial,C1,Poplar,24
15,0.827,48,5,initial,C1,Poplar,24
15,0.799,40,30,initial,C1,Poplar,24
15,0.805,30,120,initial,C1,Poplar,24
15,0.816,40,120,initial,C1,Poplar,24
16,0.812,40,30,initial,C2,Euc,3
16,0.826,40,5,initial,C2,Euc,3
16,0.828,30,120,initial,C2,Euc,3
16,0.811,30,5,initial,C2,Euc,3
16,0.843,48,5,initial,C2,Euc,3
16,0.837,48,30,initial,C2,Euc,3
16,0.833,40,120,initial,C2,Euc,3
16,0.842,48,120,initial,C2,Euc,3
16,0.81,30,30,initial,C2,Euc,3
17,0.766,30,5,initial,C3,Lomandra,12
17,0.771,40,5,initial,C3,Lomandra,12
17,0.776,48,5,initial,C3,Lomandra,12
17,0.797,48,120,initial,C3,Lomandra,12
17,0.753,40,30,initial,C3,Lomandra,12
17,0.781,48,30,initial,C3,Lomandra,12
17,0.757,30,120,initial,C3,Lomandra,12
17,0.773,40,120,initial,C3,Lomandra,12
17,0.764,30,30,initial,C3,Lomandra,12
18,0.818,48,30,initial,C4,Euc,0
18,0.83,48,5,initial,C4,Euc,0
18,0.828,30,120,initial,C4,Euc,0
18,0.794,30,5,initial,C4,Euc,0
18,0.802,30,30,initial,C4,Euc,0
18,0.804,40,30,initial,C4,Euc,0
18,0.815,48,120,initial,C4,Euc,0
18,0.816,40,5,initial,C4,Euc,0
18,0.82,40,120,initial,C4,Euc,0
19,0.813,30,5,initial,C5,Poplar,0
19,0.811,40,30,initial,C5,Poplar,0
19,0.844,30,120,initial,C5,Poplar,0
19,0.829,40,5,initial,C5,Poplar,0
19,0.803,30,30,initial,C5,Poplar,0
19,0.822,48,120,initial,C5,Poplar,0
19,0.849,48,5,initial,C5,Poplar,0
19,0.831,48,30,initial,C5,Poplar,0
19,0.818,40,120,initial,C5,Poplar,0
2,0.805,40,120,initial,A2,Lomandra,24
2,0.797,30,5,initial,A2,Lomandra,24
2,0.818,30,120,initial,A2,Lomandra,24
2,0.799,30,30,initial,A2,Lomandra,24
2,0.779,40,30,initial,A2,Lomandra,24
2,0.804,40,5,initial,A2,Lomandra,24
2,0.813,48,5,initial,A2,Lomandra,24
2,0.814,48,120,initial,A2,Lomandra,24
2,0.799,48,30,initial,A2,Lomandra,24
20,0.81,30,5,initial,C6,Euc,24
20,0.826,48,120,initial,C6,Euc,24
20,0.82,40,5,initial,C6,Euc,24
20,0.828,48,30,initial,C6,Euc,24
20,0.804,40,30,initial,C6,Euc,24
20,0.824,30,120,initial,C6,Euc,24
20,0.833,40,120,initial,C6,Euc,24
20,0.847,48,5,initial,C6,Euc,24
20,0.805,30,30,initial,C6,Euc,24
21,0.818,40,30,initial,C7,Poplar,0
21,0.816,30,5,initial,C7,Poplar,0
21,0.848,30,120,initial,C7,Poplar,0
21,0.844,48,30,initial,C7,Poplar,0
21,0.836,48,120,initial,C7,Poplar,0
21,0.845,48,5,initial,C7,Poplar,0
21,0.813,30,30,initial,C7,Poplar,0
21,0.829,40,120,initial,C7,Poplar,0
21,0.833,40,5,initial,C7,Poplar,0
22,0.804,40,30,initial,D1,Euc,0
22,0.8,30,5,initial,D1,Euc,0
22,0.824,30,120,initial,D1,Euc,0
22,0.828,48,120,initial,D1,Euc,0
22,0.831,48,5,initial,D1,Euc,0
22,0.817,40,5,initial,D1,Euc,0
22,0.805,30,30,initial,D1,Euc,0
22,0.829,48,30,initial,D1,Euc,0
22,0.809,40,120,initial,D1,Euc,0
23,0.765,40,30,initial,D2,Lomandra,12
23,0.77,30,30,initial,D2,Lomandra,12
23,0.802,48,120,initial,D2,Lomandra,12
23,0.769,30,5,initial,D2,Lomandra,12
23,0.778,48,30,initial,D2,Lomandra,12
23,0.799,30,120,initial,D2,Lomandra,12
23,0.77,48,5,initial,D2,Lomandra,12
23,0.754,40,5,initial,D2,Lomandra,12
23,0.779,40,120,initial,D2,Lomandra,12
24,0.791,40,30,initial,D3,Poplar,24
24,0.805,48,120,initial,D3,Poplar,24
24,0.808,30,5,initial,D3,Poplar,24
24,0.81,40,5,initial,D3,Poplar,24
24,0.808,30,120,initial,D3,Poplar,24
24,0.81,30,30,initial,D3,Poplar,24
24,0.831,48,5,initial,D3,Poplar,24
24,0.799,48,30,initial,D3,Poplar,24
24,0.805,40,120,initial,D3,Poplar,24
25,0.738,40,30,initial,D4,Lomandra,12
25,0.764,30,5,initial,D4,Lomandra,12
25,0.776,40,5,initial,D4,Lomandra,12
25,0.761,30,30,initial,D4,Lomandra,12
25,0.775,48,5,initial,D4,Lomandra,12
25,0.796,48,120,initial,D4,Lomandra,12
25,0.801,30,120,initial,D4,Lomandra,12
25,0.785,40,120,initial,D4,Lomandra,12
25,0.786,48,30,initial,D4,Lomandra,12
26,0.794,30,5,initial,D5,Euc,12
26,0.814,40,30,initial,D5,Euc,12
26,0.842,40,5,initial,D5,Euc,12
26,0.813,48,30,initial,D5,Euc,12
26,0.848,48,5,initial,D5,Euc,12
26,0.815,30,30,initial,D5,Euc,12
26,0.832,48,120,initial,D5,Euc,12
26,0.843,30,120,initial,D5,Euc,12
26,0.825,40,120,initial,D5,Euc,12
27,0.832,48,120,initial,D6,Poplar,0
27,0.815,40,30,initial,D6,Poplar,0
27,0.805,30,30,initial,D6,Poplar,0
27,0.847,48,5,initial,D6,Poplar,0
27,0.811,30,5,initial,D6,Poplar,0
27,0.83,40,5,initial,D6,Poplar,0
27,0.828,48,30,initial,D6,Poplar,0
27,0.819,40,120,initial,D6,Poplar,0
27,0.84,30,120,initial,D6,Poplar,0
28,0.786,40,30,initial,D7,Lomandra,24
28,0.828,48,5,initial,D7,Lomandra,24
28,0.787,30,5,initial,D7,Lomandra,24
28,0.815,40,5,initial,D7,Lomandra,24
28,0.806,48,120,initial,D7,Lomandra,24
28,0.806,30,120,initial,D7,Lomandra,24
28,0.801,40,120,initial,D7,Lomandra,24
28,0.809,48,30,initial,D7,Lomandra,24
28,0.79,30,30,initial,D7,Lomandra,24
29,0.831,48,5,initial,E1,Euc,3
29,0.823,40,30,initial,E1,Euc,3
29,0.83,40,120,initial,E1,Euc,3
29,0.825,30,120,initial,E1,Euc,3
29,0.824,48,30,initial,E1,Euc,3
29,0.827,48,120,initial,E1,Euc,3
29,0.796,30,5,initial,E1,Euc,3
29,0.804,30,30,initial,E1,Euc,3
29,0.817,40,5,initial,E1,Euc,3
3,0.818,40,30,initial,A3,Euc,12
3,0.79,30,5,initial,A3,Euc,12
3,0.832,40,5,initial,A3,Euc,12
3,0.847,48,5,initial,A3,Euc,12
3,0.84,48,120,initial,A3,Euc,12
3,0.846,30,120,initial,A3,Euc,12
3,0.815,48,30,initial,A3,Euc,12
3,0.822,30,30,initial,A3,Euc,12
3,0.818,40,120,initial,A3,Euc,12
30,0.748,48,5,initial,E2,Lomandra,12
30,0.762,40,30,initial,E2,Lomandra,12
30,0.791,30,120,initial,E2,Lomandra,12
30,0.772,30,5,initial,E2,Lomandra,12
30,0.753,40,120,initial,E2,Lomandra,12
30,0.79,48,30,initial,E2,Lomandra,12
30,0.778,30,30,initial,E2,Lomandra,12
30,0.792,48,120,initial,E2,Lomandra,12
30,0.768,40,5,initial,E2,Lomandra,12
31,0.804,48,5,initial,E3,Lomandra,3
31,0.781,40,30,initial,E3,Lomandra,3
31,0.769,30,5,initial,E3,Lomandra,3
31,0.798,40,120,initial,E3,Lomandra,3
31,0.81,30,120,initial,E3,Lomandra,3
31,0.753,48,120,initial,E3,Lomandra,3
31,0.774,40,5,initial,E3,Lomandra,3
31,0.747,30,30,initial,E3,Lomandra,3
31,0.742,48,30,initial,E3,Lomandra,3
32,0.737,30,120,initial,E4,Lomandra,3
32,0.753,40,30,initial,E4,Lomandra,3
32,0.762,30,5,initial,E4,Lomandra,3
32,0.79,40,120,initial,E4,Lomandra,3
32,0.802,48,120,initial,E4,Lomandra,3
32,0.783,48,30,initial,E4,Lomandra,3
32,0.765,30,30,initial,E4,Lomandra,3
32,0.798,48,5,initial,E4,Lomandra,3
32,0.787,40,5,initial,E4,Lomandra,3
33,0.826,30,120,initial,E5,Lomandra,24
33,0.809,48,120,initial,E5,Lomandra,24
33,0.781,40,30,initial,E5,Lomandra,24
33,0.807,40,120,initial,E5,Lomandra,24
33,0.779,40,5,initial,E5,Lomandra,24
33,0.772,30,30,initial,E5,Lomandra,24
33,0.784,30,5,initial,E5,Lomandra,24
33,0.809,48,30,initial,E5,Lomandra,24
33,0.829,48,5,initial,E5,Lomandra,24
34,0.827,40,120,initial,E6,Euc,0
34,0.828,30,120,initial,E6,Euc,0
34,0.802,40,30,initial,E6,Euc,0
34,0.798,30,5,initial,E6,Euc,0
34,0.796,30,30,initial,E6,Euc,0
34,0.827,48,120,initial,E6,Euc,0
34,0.835,48,5,initial,E6,Euc,0
34,0.819,40,5,initial,E6,Euc,0
34,0.823,48,30,initial,E6,Euc,0
35,0.82,40,30,initial,E7,Poplar,3
35,0.844,48,120,initial,E7,Poplar,3
35,0.85,30,120,initial,E7,Poplar,3
35,0.857,48,5,initial,E7,Poplar,3
35,0.84,40,5,initial,E7,Poplar,3
35,0.842,48,30,initial,E7,Poplar,3
35,0.821,30,5,initial,E7,Poplar,3
35,0.822,30,30,initial,E7,Poplar,3
35,0.844,40,120,initial,E7,Poplar,3
36,0.754,40,5,initial,F1,Lomandra,0
36,0.767,40,30,initial,F1,Lomandra,0
36,0.808,30,120,initial,F1,Lomandra,0
36,0.782,48,5,initial,F1,Lomandra,0
36,0.774,48,120,initial,F1,Lomandra,0
36,0.783,30,5,initial,F1,Lomandra,0
36,0.779,30,30,initial,F1,Lomandra,0
36,0.787,40,120,initial,F1,Lomandra,0
36,0.793,48,30,initial,F1,Lomandra,0
37,0.809,30,120,initial,F2,Poplar,12
37,0.812,40,5,initial,F2,Poplar,12
37,0.836,48,5,initial,F2,Poplar,12
37,0.803,30,5,initial,F2,Poplar,12
37,0.82,40,120,initial,F2,Poplar,12
37,0.81,40,30,initial,F2,Poplar,12
37,0.832,48,30,initial,F2,Poplar,12
37,0.805,30,30,initial,F2,Poplar,12
37,0.825,48,120,initial,F2,Poplar,12
38,0.799,48,120,initial,F3,Lomandra,3
38,0.808,30,120,initial,F3,Lomandra,3
38,0.789,40,30,initial,F3,Lomandra,3
38,0.814,48,5,initial,F3,Lomandra,3
38,0.803,40,5,initial,F3,Lomandra,3
38,0.791,30,5,initial,F3,Lomandra,3
38,0.781,30,30,initial,F3,Lomandra,3
38,0.804,40,120,initial,F3,Lomandra,3
38,0.72,48,30,initial,F3,Lomandra,3
39,0.833,30,120,initial,F4,Euc,12
39,0.811,40,30,initial,F4,Euc,12
39,0.815,48,120,initial,F4,Euc,12
39,0.824,48,5,initial,F4,Euc,12
39,0.829,40,5,initial,F4,Euc,12
39,0.79,30,30,initial,F4,Euc,12
39,0.833,40,120,initial,F4,Euc,12
39,0.802,48,30,initial,F4,Euc,12
39,0.786,30,5,initial,F4,Euc,12
4,0.835,40,5,initial,A4,Poplar,12
4,0.832,48,30,initial,A4,Poplar,12
4,0.837,48,120,initial,A4,Poplar,12
4,0.821,40,30,initial,A4,Poplar,12
4,0.837,40,120,initial,A4,Poplar,12
4,0.851,30,120,initial,A4,Poplar,12
4,0.811,30,5,initial,A4,Poplar,12
4,0.854,48,5,initial,A4,Poplar,12
4,0.816,30,30,initial,A4,Poplar,12
40,0.837,48,120,initial,F5,Poplar,3
40,0.846,30,120,initial,F5,Poplar,3
40,0.857,48,5,initial,F5,Poplar,3
40,0.84,40,5,initial,F5,Poplar,3
40,0.836,48,30,initial,F5,Poplar,3
40,0.82,30,30,initial,F5,Poplar,3
40,0.824,40,30,initial,F5,Poplar,3
40,0.849,40,120,initial,F5,Poplar,3
40,0.819,30,5,initial,F5,Poplar,3
41,0.852,30,120,initial,F6,Poplar,0
41,0.835,40,5,initial,F6,Poplar,0
41,0.808,30,30,initial,F6,Poplar,0
41,0.825,48,120,initial,F6,Poplar,0
41,0.806,40,30,initial,F6,Poplar,0
41,0.814,30,5,initial,F6,Poplar,0
41,0.838,40,120,initial,F6,Poplar,0
41,0.833,48,30,initial,F6,Poplar,0
41,0.851,48,5,initial,F6,Poplar,0
42,0.823,40,120,initial,F7,Euc,24
42,0.847,30,120,initial,F7,Euc,24
42,0.809,30,30,initial,F7,Euc,24
42,0.801,40,30,initial,F7,Euc,24
42,0.83,40,5,initial,F7,Euc,24
42,0.835,48,30,initial,F7,Euc,24
42,0.834,48,120,initial,F7,Euc,24
42,0.842,48,5,initial,F7,Euc,24
42,0.802,30,5,initial,F7,Euc,24
43,0.78,40,30,initial,G1,Lomandra,0
43,0.776,40,5,initial,G1,Lomandra,0
43,0.787,30,120,initial,G1,Lomandra,0
43,0.8,48,120,initial,G1,Lomandra,0
43,0.788,48,5,initial,G1,Lomandra,0
43,0.791,48,30,initial,G1,Lomandra,0
43,0.805,40,120,initial,G1,Lomandra,0
43,0.783,30,5,initial,G1,Lomandra,0
43,0.782,30,30,initial,G1,Lomandra,0
44,0.79,30,120,initial,G2,Euc,3
44,0.813,40,30,initial,G2,Euc,3
44,0.811,40,5,initial,G2,Euc,3
44,0.801,30,30,initial,G2,Euc,3
44,0.828,40,120,initial,G2,Euc,3
44,0.828,48,30,initial,G2,Euc,3
44,0.825,48,120,initial,G2,Euc,3
44,0.805,30,5,initial,G2,Euc,3
44,0.819,48,5,initial,G2,Euc,3
45,0.804,40,5,initial,G3,Euc,0
45,0.818,40,120,initial,G3,Euc,0
45,0.802,40,30,initial,G3,Euc,0
45,0.826,48,30,initial,G3,Euc,0
45,0.797,30,120,initial,G3,Euc,0
45,0.798,30,5,initial,G3,Euc,0
45,0.813,48,120,initial,G3,Euc,0
45,0.8,30,30,initial,G3,Euc,0
45,0.817,48,5,initial,G3,Euc,0
46,0.81,48,30,initial,G4,Poplar,24
46,0.782,40,30,initial,G4,Poplar,24
46,0.803,30,5,initial,G4,Poplar,24
46,0.798,40,5,initial,G4,Poplar,24
46,0.82,40,120,initial,G4,Poplar,24
46,0.825,48,5,initial,G4,Poplar,24
46,0.804,30,120,initial,G4,Poplar,24
46,0.78,30,30,initial,G4,Poplar,24
46,0.808,48,120,initial,G4,Poplar,24
47,0.812,30,5,initial,G5,Poplar,12
47,0.826,30,120,initial,G5,Poplar,12
47,0.845,48,5,initial,G5,Poplar,12
47,0.813,40,5,initial,G5,Poplar,12
47,0.809,30,30,initial,G5,Poplar,12
47,0.821,48,120,initial,G5,Poplar,12
47,0.823,40,120,initial,G5,Poplar,12
47,0.819,40,30,initial,G5,Poplar,12
47,0.823,48,30,initial,G5,Poplar,12
48,0.785,30,5,initial,G6,Lomandra,24
48,0.808,40,120,initial,G6,Lomandra,24
48,0.812,48,120,initial,G6,Lomandra,24
48,0.779,40,30,initial,G6,Lomandra,24
48,0.809,30,120,initial,G6,Lomandra,24
48,0.806,40,5,initial,G6,Lomandra,24
48,0.816,48,30,initial,G6,Lomandra,24
48,0.793,30,30,initial,G6,Lomandra,24
48,0.833,48,5,initial,G6,Lomandra,24
5,0.827,40,30,initial,A5,Euc,3
5,0.84,48,120,initial,A5,Euc,3
5,0.834,40,5,initial,A5,Euc,3
5,0.823,40,120,initial,A5,Euc,3
5,0.81,30,5,initial,A5,Euc,3
5,0.846,30,120,initial,A5,Euc,3
5,0.838,48,30,initial,A5,Euc,3
5,0.853,48,5,initial,A5,Euc,3
5,0.818,30,30,initial,A5,Euc,3
6,0.82,40,30,initial,A6,Poplar,3
6,0.817,30,5,initial,A6,Poplar,3
6,0.838,48,30,initial,A6,Poplar,3
6,0.843,40,120,initial,A6,Poplar,3
6,0.859,48,5,initial,A6,Poplar,3
6,0.843,48,120,initial,A6,Poplar,3
6,0.846,40,5,initial,A6,Poplar,3
6,0.857,30,120,initial,A6,Poplar,3
6,0.824,30,30,initial,A6,Poplar,3
7,0.835,40,5,initial,A7,Poplar,12
7,0.849,30,120,initial,A7,Poplar,12
7,0.844,48,5,initial,A7,Poplar,12
7,0.806,40,30,initial,A7,Poplar,12
7,0.832,48,120,initial,A7,Poplar,12
7,0.814,30,5,initial,A7,Poplar,12
7,0.835,48,30,initial,A7,Poplar,12
7,0.808,30,30,initial,A7,Poplar,12
7,0.83,40,120,initial,A7,Poplar,12
8,0.824,40,5,initial,B1,Euc,24
8,0.82,40,30,initial,B1,Euc,24
8,0.84,48,5,initial,B1,Euc,24
8,0.833,40,120,initial,B1,Euc,24
8,0.836,48,120,initial,B1,Euc,24
8,0.825,48,30,initial,B1,Euc,24
8,0.833,30,120,initial,B1,Euc,24
8,0.818,30,30,initial,B1,Euc,24
8,0.813,30,5,initial,B1,Euc,24
9,0.82,40,5,initial,B2,Euc,24
9,0.83,40,120,initial,B2,Euc,24
9,0.818,40,30,initial,B2,Euc,24
9,0.839,48,5,initial,B2,Euc,24
9,0.805,30,5,initial,B2,Euc,24
9,0.834,48,120,initial,B2,Euc,24
9,0.826,30,120,initial,B2,Euc,24
9,0.799,30,30,initial,B2,Euc,24
9,0.832,48,30,initial,B2,Euc,24